[31Mar2026 00:26:21.137] [main/INFO] [cpw.mods.modlauncher.Launcher/MODLAUNCHER]: ModLauncher running: args [--launchTarget, forgeclientdev, --version, 21.1.219, --assetIndex, 17, --assetsDir, /home/john/.gradle/caches/neoformruntime/assets, --gameDir, ., --fml.fmlVersion, 4.0.42, --fml.mcVersion, 1.21.1, --fml.neoForgeVersion, 21.1.219, --fml.neoFormVersion, 20240808.144430]
[31Mar2026 00:26:21.138] [main/INFO] [cpw.mods.modlauncher.Launcher/MODLAUNCHER]: JVM identified as Arch Linux OpenJDK 64-Bit Server VM 21.0.10+7
[31Mar2026 00:26:21.139] [main/INFO] [cpw.mods.modlauncher.Launcher/MODLAUNCHER]: ModLauncher 11.0.5+main.901c6ea8 starting: java version 21.0.10 by Arch Linux; OS Linux arch amd64 version 6.18.13-zen1-1-zen
[31Mar2026 00:26:21.153] [main/DEBUG] [cpw.mods.modlauncher.LaunchServiceHandler/MODLAUNCHER]: Found launch services [minecraft,forgeclient,forgedatauserdev,testharness,forgeserverdev,forgeserveruserdev,forgejunitdev,forgeclientdev,forgeclientuserdev,forgeserver,forgejunituserdev,forgedatadev]
[31Mar2026 00:26:21.169] [main/DEBUG] [cpw.mods.modlauncher.LaunchPluginHandler/MODLAUNCHER]: Found launch plugins: [mixin,slf4jfixer,runtime_enum_extender,accesstransformer,runtimedistcleaner]
[31Mar2026 00:26:21.176] [main/DEBUG] [cpw.mods.modlauncher.TransformationServicesHandler/MODLAUNCHER]: Discovering transformation services
[31Mar2026 00:26:21.180] [main/DEBUG] [net.neoforged.fml.loading.FMLPaths/CORE]: Path GAMEDIR is /home/john/IdeaProjects/GlitchMod/run
[31Mar2026 00:26:21.181] [main/DEBUG] [net.neoforged.fml.loading.FMLPaths/CORE]: Path MODSDIR is /home/john/IdeaProjects/GlitchMod/run/mods
[31Mar2026 00:26:21.181] [main/DEBUG] [net.neoforged.fml.loading.FMLPaths/CORE]: Path CONFIGDIR is /home/john/IdeaProjects/GlitchMod/run/config
[31Mar2026 00:26:21.181] [main/DEBUG] [net.neoforged.fml.loading.FMLPaths/CORE]: Path FMLCONFIG is /home/john/IdeaProjects/GlitchMod/run/config/fml.toml
[31Mar2026 00:26:21.210] [main/DEBUG] [net.neoforged.fml.loading.targets.CommonLaunchHandler/CORE]: Got mod coordinates glitchworld%%/home/john/IdeaProjects/GlitchMod/build/classes/java/main:glitchworld%%/home/john/IdeaProjects/GlitchMod/build/resources/main from env
[31Mar2026 00:26:21.212] [main/DEBUG] [net.neoforged.fml.loading.targets.CommonLaunchHandler/CORE]: Found supplied mod coordinates [{glitchworld=[/home/john/IdeaProjects/GlitchMod/build/classes/java/main, /home/john/IdeaProjects/GlitchMod/build/resources/main]}]
[31Mar2026 00:26:21.213] [main/DEBUG] [cpw.mods.modlauncher.TransformationServicesHandler/MODLAUNCHER]: Found additional transformation services from discovery services: 
[31Mar2026 00:26:21.218] [main/INFO] [net.neoforged.fml.loading.ImmediateWindowHandler/]: Loading ImmediateWindowProvider fmlearlywindow
[31Mar2026 00:26:21.299] [main/INFO] [EARLYDISPLAY/]: Trying GL version 4.6
[31Mar2026 00:26:21.430] [main/INFO] [EARLYDISPLAY/]: Requested GL version 4.6 got version 4.6
[31Mar2026 00:26:21.462] [main/DEBUG] [cpw.mods.modlauncher.TransformationServicesHandler/MODLAUNCHER]: Found transformer services : [mixin,fml]
[31Mar2026 00:26:21.462] [main/DEBUG] [cpw.mods.modlauncher.TransformationServicesHandler/MODLAUNCHER]: Transformation services loading
[31Mar2026 00:26:21.462] [main/DEBUG] [cpw.mods.modlauncher.TransformationServiceDecorator/MODLAUNCHER]: Loading service mixin
[31Mar2026 00:26:21.463] [main/DEBUG] [cpw.mods.modlauncher.TransformationServiceDecorator/MODLAUNCHER]: Loaded service mixin
[31Mar2026 00:26:21.463] [main/DEBUG] [cpw.mods.modlauncher.TransformationServiceDecorator/MODLAUNCHER]: Loading service fml
[31Mar2026 00:26:21.463] [main/DEBUG] [net.neoforged.fml.loading.FMLLoader/CORE]: FML 4.0.42 loading
[31Mar2026 00:26:21.463] [main/DEBUG] [net.neoforged.fml.loading.FMLLoader/CORE]: FML found ModLauncher version : 11.0.5+main.901c6ea8
[31Mar2026 00:26:21.464] [main/DEBUG] [net.neoforged.fml.loading.FMLLoader/CORE]: FML found AccessTransformer version : 10.0.1+139da711
[31Mar2026 00:26:21.464] [main/DEBUG] [net.neoforged.fml.loading.FMLLoader/CORE]: FML found EventBus version : null
[31Mar2026 00:26:21.464] [main/DEBUG] [net.neoforged.fml.loading.FMLLoader/CORE]: Found Runtime Dist Cleaner
[31Mar2026 00:26:21.465] [main/DEBUG] [cpw.mods.modlauncher.TransformationServiceDecorator/MODLAUNCHER]: Loaded service fml
[31Mar2026 00:26:21.465] [main/DEBUG] [cpw.mods.modlauncher.TransformationServicesHandler/MODLAUNCHER]: Configuring option handling for services
[31Mar2026 00:26:21.485] [main/DEBUG] [net.neoforged.fml.loading.FMLServiceProvider/CORE]: Received command line version data  : VersionInfo[neoForgeVersion=21.1.219, fmlVersion=4.0.42, mcVersion=1.21.1, neoFormVersion=20240808.144430]
[31Mar2026 00:26:21.485] [main/DEBUG] [cpw.mods.modlauncher.TransformationServicesHandler/MODLAUNCHER]: Transformation services initializing
[31Mar2026 00:26:21.485] [main/DEBUG] [cpw.mods.modlauncher.TransformationServiceDecorator/MODLAUNCHER]: Initializing transformation service mixin
[31Mar2026 00:26:21.493] [main/DEBUG] [mixin/]: MixinService [ModLauncher] was successfully booted in cpw.mods.cl.ModuleClassLoader@25af5db5
[31Mar2026 00:26:21.501] [main/INFO] [mixin/]: SpongePowered MIXIN Subsystem Version=0.8.7 Source=union:/home/john/.gradle/caches/modules-2/files-2.1/net.fabricmc/sponge-mixin/0.15.2+mixin.0.8.7/2af2f021d8e02a0220dc27a7a72b4666d66d44ca/sponge-mixin-0.15.2+mixin.0.8.7.jar%23126!/ Service=ModLauncher Env=CLIENT
[31Mar2026 00:26:21.503] [main/DEBUG] [mixin/]: Initialising Mixin Platform Manager
[31Mar2026 00:26:21.504] [main/DEBUG] [mixin/]: Adding mixin platform agents for container ModLauncher Root Container(ModLauncher:4f56a0a2)
[31Mar2026 00:26:21.504] [main/DEBUG] [mixin/]: Instancing new MixinPlatformAgentMinecraftForge for ModLauncher Root Container(ModLauncher:4f56a0a2)
[31Mar2026 00:26:21.505] [main/DEBUG] [mixin/]: MixinPlatformAgentMinecraftForge rejected container ModLauncher Root Container(ModLauncher:4f56a0a2)
[31Mar2026 00:26:21.505] [main/DEBUG] [mixin/]: Instancing new MixinPlatformAgentDefault for ModLauncher Root Container(ModLauncher:4f56a0a2)
[31Mar2026 00:26:21.505] [main/DEBUG] [mixin/]: MixinPlatformAgentDefault accepted container ModLauncher Root Container(ModLauncher:4f56a0a2)
[31Mar2026 00:26:21.506] [main/DEBUG] [cpw.mods.modlauncher.TransformationServiceDecorator/MODLAUNCHER]: Initialized transformation service mixin
[31Mar2026 00:26:21.506] [main/DEBUG] [cpw.mods.modlauncher.TransformationServiceDecorator/MODLAUNCHER]: Initializing transformation service fml
[31Mar2026 00:26:21.507] [main/DEBUG] [net.neoforged.fml.loading.FMLServiceProvider/CORE]: Setting up basic FML game directories
[31Mar2026 00:26:21.507] [main/DEBUG] [net.neoforged.fml.loading.FMLPaths/CORE]: Path GAMEDIR is /home/john/IdeaProjects/GlitchMod/run
[31Mar2026 00:26:21.507] [main/DEBUG] [net.neoforged.fml.loading.FMLPaths/CORE]: Path MODSDIR is /home/john/IdeaProjects/GlitchMod/run/mods
[31Mar2026 00:26:21.507] [main/DEBUG] [net.neoforged.fml.loading.FMLPaths/CORE]: Path CONFIGDIR is /home/john/IdeaProjects/GlitchMod/run/config
[31Mar2026 00:26:21.507] [main/DEBUG] [net.neoforged.fml.loading.FMLPaths/CORE]: Path FMLCONFIG is /home/john/IdeaProjects/GlitchMod/run/config/fml.toml
[31Mar2026 00:26:21.507] [main/DEBUG] [net.neoforged.fml.loading.FMLServiceProvider/CORE]: Loading configuration
[31Mar2026 00:26:21.511] [main/DEBUG] [net.neoforged.fml.loading.FMLServiceProvider/CORE]: Preparing launch handler
[31Mar2026 00:26:21.511] [main/DEBUG] [net.neoforged.fml.loading.FMLLoader/CORE]: Using forgeclientdev as launch service
[31Mar2026 00:26:21.512] [main/DEBUG] [cpw.mods.modlauncher.TransformationServiceDecorator/MODLAUNCHER]: Initialized transformation service fml
[31Mar2026 00:26:21.512] [main/DEBUG] [cpw.mods.modlauncher.TransformationServicesHandler/MODLAUNCHER]: Transformation services begin scanning
[31Mar2026 00:26:21.513] [main/DEBUG] [cpw.mods.modlauncher.TransformationServiceDecorator/MODLAUNCHER]: Beginning scan trigger - transformation service mixin
[31Mar2026 00:26:21.513] [main/DEBUG] [cpw.mods.modlauncher.TransformationServiceDecorator/MODLAUNCHER]: End scan trigger - transformation service mixin
[31Mar2026 00:26:21.513] [main/DEBUG] [cpw.mods.modlauncher.TransformationServiceDecorator/MODLAUNCHER]: Beginning scan trigger - transformation service fml
[31Mar2026 00:26:21.513] [main/DEBUG] [net.neoforged.fml.loading.FMLServiceProvider/CORE]: Initiating mod scan
[31Mar2026 00:26:21.513] [main/DEBUG] [net.neoforged.fml.loading.targets.CommonLaunchHandler/CORE]: Got mod coordinates glitchworld%%/home/john/IdeaProjects/GlitchMod/build/classes/java/main:glitchworld%%/home/john/IdeaProjects/GlitchMod/build/resources/main from env
[31Mar2026 00:26:21.514] [main/DEBUG] [net.neoforged.fml.loading.targets.CommonLaunchHandler/CORE]: Found supplied mod coordinates [{glitchworld=[/home/john/IdeaProjects/GlitchMod/build/classes/java/main, /home/john/IdeaProjects/GlitchMod/build/resources/main]}]
[31Mar2026 00:26:21.515] [main/DEBUG] [net.neoforged.fml.loading.targets.CommonDevLaunchHandler/]: Launching with NeoForge from /home/john/IdeaProjects/GlitchMod/build/moddev/artifacts/neoforge-21.1.219.jar
[31Mar2026 00:26:21.525] [main/DEBUG] [net.neoforged.fml.util.ServiceLoaderUtil/CORE]: Found 4 implementations of IModFileCandidateLocator:
[31Mar2026 00:26:21.525] [main/DEBUG] [net.neoforged.fml.util.ServiceLoaderUtil/CORE]: 	       0 - [built-in] net.neoforged.fml.loading.moddiscovery.locators.NeoForgeDevProvider from loader-4.0.42.jar
[31Mar2026 00:26:21.526] [main/DEBUG] [net.neoforged.fml.util.ServiceLoaderUtil/CORE]: 	       0 - net.neoforged.fml.loading.moddiscovery.locators.ModsFolderLocator from loader-4.0.42.jar
[31Mar2026 00:26:21.526] [main/DEBUG] [net.neoforged.fml.util.ServiceLoaderUtil/CORE]: 	       0 - net.neoforged.fml.loading.moddiscovery.locators.MavenDirectoryLocator from loader-4.0.42.jar
[31Mar2026 00:26:21.526] [main/DEBUG] [net.neoforged.fml.util.ServiceLoaderUtil/CORE]: 	   -1000 - [built-in] net.neoforged.fml.loading.moddiscovery.locators.UserdevLocator from loader-4.0.42.jar
[31Mar2026 00:26:21.527] [main/DEBUG] [net.neoforged.fml.util.ServiceLoaderUtil/CORE]: Found 2 implementations of IModFileReader:
[31Mar2026 00:26:21.527] [main/DEBUG] [net.neoforged.fml.util.ServiceLoaderUtil/CORE]: 	       0 - net.neoforged.fml.loading.moddiscovery.readers.JarModsDotTomlModFileReader from loader-4.0.42.jar
[31Mar2026 00:26:21.528] [main/DEBUG] [net.neoforged.fml.util.ServiceLoaderUtil/CORE]: 	   -1000 - net.neoforged.fml.loading.moddiscovery.readers.NestedLibraryModReader from loader-4.0.42.jar
[31Mar2026 00:26:21.529] [main/DEBUG] [net.neoforged.fml.util.ServiceLoaderUtil/CORE]: Found 1 implementations of IDependencyLocator:
[31Mar2026 00:26:21.529] [main/DEBUG] [net.neoforged.fml.util.ServiceLoaderUtil/CORE]: 	       0 - net.neoforged.fml.loading.moddiscovery.locators.JarInJarDependencyLocator from loader-4.0.42.jar
[31Mar2026 00:26:21.568] [main/DEBUG] [net.neoforged.fml.loading.moddiscovery.ModFileInfo/LOADING]: Found valid mod file neoforge-21.1.219.jar with {minecraft} mods - versions {1.21.1}
[31Mar2026 00:26:21.574] [main/DEBUG] [net.neoforged.fml.loading.moddiscovery.ModFileParser/LOADING]: Considering mod file candidate /home/john/IdeaProjects/GlitchMod/build/moddev/artifacts/neoforge-21.1.219.jar
[31Mar2026 00:26:21.592] [main/DEBUG] [net.neoforged.fml.loading.moddiscovery.ModFileInfo/LOADING]: Found valid mod file neoforge-21.1.219.jar with {neoforge} mods - versions {21.1.219}
[31Mar2026 00:26:21.595] [main/DEBUG] [net.neoforged.fml.loading.moddiscovery.ModListHandler/CORE]: Found mod coordinates from lists: []
[31Mar2026 00:26:21.597] [main/DEBUG] [net.neoforged.fml.loading.moddiscovery.ModFileParser/LOADING]: Considering mod file candidate /home/john/IdeaProjects/GlitchMod/build/classes/java/main
[31Mar2026 00:26:21.602] [main/DEBUG] [net.neoforged.fml.loading.moddiscovery.ModFileInfo/LOADING]: Found valid mod file main with {glitchworld} mods - versions {0.1-beta}
[31Mar2026 00:26:21.611] [main/DEBUG] [net.neoforged.fml.loading.moddiscovery.ModFileParser/LOADING]: Considering mod file candidate /home/john/IdeaProjects/GlitchMod/build/moddev/artifacts/neoforge-21.1.219.jar
[31Mar2026 00:26:21.613] [main/DEBUG] [net.neoforged.fml.loading.moddiscovery.ModFileInfo/LOADING]: Found valid mod file neoforge-21.1.219.jar with {neoforge} mods - versions {21.1.219}
[31Mar2026 00:26:21.617] [main/DEBUG] [net.neoforged.fml.loading.moddiscovery.ModDiscoverer/]: Skipping /home/john/.gradle/caches/modules-2/files-2.1/net.neoforged.fancymodloader/earlydisplay/4.0.42/46555dbfff14e9e052f1f693aed14d542a74e111/earlydisplay-4.0.42.jar because it was already located earlier
[31Mar2026 00:26:21.617] [main/DEBUG] [net.neoforged.fml.loading.moddiscovery.ModDiscoverer/]: Skipping /home/john/.gradle/caches/modules-2/files-2.1/net.neoforged.fancymodloader/loader/4.0.42/76e15f98bf676fb44b36c5e776f52a55581ec43a/loader-4.0.42.jar because it was already located earlier
[31Mar2026 00:26:21.617] [main/DEBUG] [net.neoforged.fml.loading.moddiscovery.ModDiscoverer/]: Skipping /home/john/.gradle/caches/modules-2/files-2.1/net.neoforged.accesstransformers/at-modlauncher/10.0.1/5aba50202aceead086bc09fbc2751c9f05cb4890/at-modlauncher-10.0.1.jar because it was already located earlier
[31Mar2026 00:26:21.617] [main/DEBUG] [net.neoforged.fml.loading.moddiscovery.ModDiscoverer/]: Skipping /home/john/.gradle/caches/modules-2/files-2.1/net.neoforged/accesstransformers/10.0.1/fd83b5725f76eae9115e9355fa1c456a6a441400/accesstransformers-10.0.1.jar because it was already located earlier
[31Mar2026 00:26:21.618] [main/DEBUG] [net.neoforged.fml.loading.moddiscovery.ModDiscoverer/]: Skipping /home/john/.gradle/caches/modules-2/files-2.1/net.neoforged/bus/8.0.5/5b2d33285ab5d1554e9798ad98c40d6ea3868bd5/bus-8.0.5.jar because it was already located earlier
[31Mar2026 00:26:21.618] [main/DEBUG] [net.neoforged.fml.loading.moddiscovery.ModDiscoverer/]: Skipping /home/john/.gradle/caches/modules-2/files-2.1/net.neoforged/coremods/7.0.3/9147e6f638b4272b3bd5fc8f92ad37802512c6c/coremods-7.0.3.jar because it was already located earlier
[31Mar2026 00:26:21.618] [main/DEBUG] [net.neoforged.fml.loading.moddiscovery.ModDiscoverer/]: Skipping /home/john/.gradle/caches/modules-2/files-2.1/cpw.mods/modlauncher/11.0.5/b8f0d49294f733fdb6173931b263553e943dc950/modlauncher-11.0.5.jar because it was already located earlier
[31Mar2026 00:26:21.618] [main/DEBUG] [net.neoforged.fml.loading.moddiscovery.ModDiscoverer/]: Skipping /home/john/.gradle/caches/modules-2/files-2.1/net.neoforged/mergetool/2.0.0/52fe1949be64e3303aabaaa21e315f551db9c9f4/mergetool-2.0.0-api.jar because it was already located earlier
[31Mar2026 00:26:21.618] [main/DEBUG] [net.neoforged.fml.loading.moddiscovery.ModDiscoverer/]: Skipping /home/john/.gradle/caches/modules-2/files-2.1/com.electronwill.night-config/toml/3.8.3/90b2fd6efcb4a7d5b9810cf78f9d824994d717f2/toml-3.8.3.jar because it was already located earlier
[31Mar2026 00:26:21.618] [main/DEBUG] [net.neoforged.fml.loading.moddiscovery.ModDiscoverer/]: Skipping /home/john/.gradle/caches/modules-2/files-2.1/com.electronwill.night-config/core/3.8.3/b442a95f09e349927f5a945ecb594455870fcf4f/core-3.8.3.jar because it was already located earlier
[31Mar2026 00:26:21.618] [main/DEBUG] [net.neoforged.fml.loading.moddiscovery.ModDiscoverer/]: Skipping /home/john/.gradle/caches/modules-2/files-2.1/net.neoforged/JarJarSelector/0.4.1/fb3cc7a58af22ad2880adb98af6d518128c47dae/JarJarSelector-0.4.1.jar because it was already located earlier
[31Mar2026 00:26:21.618] [main/DEBUG] [net.neoforged.fml.loading.moddiscovery.ModDiscoverer/]: Skipping /home/john/.gradle/caches/modules-2/files-2.1/net.neoforged/JarJarMetadata/0.4.1/f8da03683dc81694556dc3e177c5e3bb77ae6fcb/JarJarMetadata-0.4.1.jar because it was already located earlier
[31Mar2026 00:26:21.618] [main/DEBUG] [net.neoforged.fml.loading.moddiscovery.ModDiscoverer/]: Skipping /home/john/.gradle/caches/modules-2/files-2.1/org.apache.maven/maven-artifact/3.8.5/4433f50c07debefaed0553bd0068f4f48d449313/maven-artifact-3.8.5.jar because it was already located earlier
[31Mar2026 00:26:21.618] [main/DEBUG] [net.neoforged.fml.loading.moddiscovery.ModDiscoverer/]: Skipping /home/john/.gradle/caches/modules-2/files-2.1/net.jodah/typetools/0.6.3/a01aaa6ddaea9ec07ec4f209487b7a46a526283a/typetools-0.6.3.jar because it was already located earlier
[31Mar2026 00:26:21.619] [main/DEBUG] [net.neoforged.fml.loading.moddiscovery.ModDiscoverer/]: Skipping /home/john/.gradle/caches/modules-2/files-2.1/net.minecrell/terminalconsoleappender/1.3.0/b562e9bb61235c9520e26282cdee71f8f802d1fc/terminalconsoleappender-1.3.0.jar because it was already located earlier
[31Mar2026 00:26:21.619] [main/DEBUG] [net.neoforged.fml.loading.moddiscovery.ModDiscoverer/]: Skipping /home/john/.gradle/caches/modules-2/files-2.1/net.fabricmc/sponge-mixin/0.15.2+mixin.0.8.7/2af2f021d8e02a0220dc27a7a72b4666d66d44ca/sponge-mixin-0.15.2+mixin.0.8.7.jar because it was already located earlier
[31Mar2026 00:26:21.619] [main/DEBUG] [net.neoforged.fml.loading.moddiscovery.ModDiscoverer/]: Skipping /home/john/.gradle/caches/modules-2/files-2.1/org.openjdk.nashorn/nashorn-core/15.4/f67f5ffaa5f5130cf6fb9b133da00c7df3b532a5/nashorn-core-15.4.jar because it was already located earlier
[31Mar2026 00:26:21.619] [main/DEBUG] [net.neoforged.fml.loading.moddiscovery.ModDiscoverer/]: Skipping /home/john/.gradle/caches/modules-2/files-2.1/org.apache.commons/commons-lang3/3.14.0/1ed471194b02f2c6cb734a0cd6f6f107c673afae/commons-lang3-3.14.0.jar because it was already located earlier
[31Mar2026 00:26:21.619] [main/DEBUG] [net.neoforged.fml.loading.moddiscovery.ModDiscoverer/]: Skipping /home/john/.gradle/caches/modules-2/files-2.1/net.sf.jopt-simple/jopt-simple/5.0.4/4fdac2fbe92dfad86aa6e9301736f6b4342a3f5c/jopt-simple-5.0.4.jar because it was already located earlier
[31Mar2026 00:26:21.619] [main/DEBUG] [net.neoforged.fml.loading.moddiscovery.ModDiscoverer/]: Skipping /home/john/.gradle/caches/modules-2/files-2.1/commons-io/commons-io/2.15.1/f11560da189ab563a5c8e351941415430e9304ea/commons-io-2.15.1.jar because it was already located earlier
[31Mar2026 00:26:21.619] [main/DEBUG] [net.neoforged.fml.loading.moddiscovery.ModDiscoverer/]: Skipping /home/john/.gradle/caches/modules-2/files-2.1/com.mojang/logging/1.2.7/24cb95ffb0e3433fd6e844c04e68009e504ca1c0/logging-1.2.7.jar because it was already located earlier
[31Mar2026 00:26:21.619] [main/DEBUG] [net.neoforged.fml.loading.moddiscovery.ModDiscoverer/]: Skipping /home/john/.gradle/caches/modules-2/files-2.1/org.apache.logging.log4j/log4j-slf4j2-impl/2.22.1/d7e6693c2606cb7e7335047d7bb96dec52db5665/log4j-slf4j2-impl-2.22.1.jar because it was already located earlier
[31Mar2026 00:26:21.619] [main/DEBUG] [net.neoforged.fml.loading.moddiscovery.ModDiscoverer/]: Skipping /home/john/.gradle/caches/modules-2/files-2.1/org.apache.logging.log4j/log4j-core/2.22.1/7183a25510a02ad00cc6a95d3b3d2a7d3c5a8dc4/log4j-core-2.22.1.jar because it was already located earlier
[31Mar2026 00:26:21.620] [main/DEBUG] [net.neoforged.fml.loading.moddiscovery.ModDiscoverer/]: Skipping /home/john/.gradle/caches/modules-2/files-2.1/org.apache.logging.log4j/log4j-api/2.22.1/bea6fede6328fabafd7e68363161a7ea6605abd1/log4j-api-2.22.1.jar because it was already located earlier
[31Mar2026 00:26:21.620] [main/DEBUG] [net.neoforged.fml.loading.moddiscovery.ModDiscoverer/]: Skipping /home/john/.gradle/caches/modules-2/files-2.1/com.google.guava/guava/32.1.2-jre/5e64ec7e056456bef3a4bc4c6fdaef71e8ab6318/guava-32.1.2-jre.jar because it was already located earlier
[31Mar2026 00:26:21.620] [main/DEBUG] [net.neoforged.fml.loading.moddiscovery.ModDiscoverer/]: Skipping /home/john/.gradle/caches/modules-2/files-2.1/com.google.code.gson/gson/2.10.1/b3add478d4382b78ea20b1671390a858002feb6c/gson-2.10.1.jar because it was already located earlier
[31Mar2026 00:26:21.620] [main/DEBUG] [net.neoforged.fml.loading.moddiscovery.ModDiscoverer/]: Skipping /home/john/.gradle/caches/modules-2/files-2.1/org.slf4j/slf4j-api/2.0.9/7cf2726fdcfbc8610f9a71fb3ed639871f315340/slf4j-api-2.0.9.jar because it was already located earlier
[31Mar2026 00:26:21.620] [main/DEBUG] [net.neoforged.fml.loading.moddiscovery.ModDiscoverer/]: Skipping /home/john/.gradle/caches/modules-2/files-2.1/org.antlr/antlr4-runtime/4.13.1/17125bae1d965624e265ef49552f6465a2bfa307/antlr4-runtime-4.13.1.jar because it was already located earlier
[31Mar2026 00:26:21.620] [main/DEBUG] [net.neoforged.fml.loading.moddiscovery.ModDiscoverer/]: Skipping /home/john/.gradle/caches/modules-2/files-2.1/net.minecraftforge/srgutils/0.4.15/ca408b131759478f164e010fae0d73997e125fb5/srgutils-0.4.15.jar because it was already located earlier
[31Mar2026 00:26:21.620] [main/DEBUG] [net.neoforged.fml.loading.moddiscovery.ModDiscoverer/]: Skipping /home/john/.gradle/caches/modules-2/files-2.1/org.codehaus.plexus/plexus-utils/3.3.0/cf43b5391de623b36fe066a21127baef82c64022/plexus-utils-3.3.0.jar because it was already located earlier
[31Mar2026 00:26:21.620] [main/DEBUG] [net.neoforged.fml.loading.moddiscovery.ModDiscoverer/]: Skipping /home/john/.gradle/caches/modules-2/files-2.1/org.jline/jline-reader/3.20.0/8f15415b022a25b473e8e16c28ae913186ffb9c4/jline-reader-3.20.0.jar because it was already located earlier
[31Mar2026 00:26:21.620] [main/DEBUG] [net.neoforged.fml.loading.moddiscovery.ModDiscoverer/]: Skipping /home/john/.gradle/caches/modules-2/files-2.1/com.machinezoo.noexception/noexception/1.7.1/b65330c98e38a1f915fa54a6e5eca496505e3f0a/noexception-1.7.1.jar because it was already located earlier
[31Mar2026 00:26:21.620] [main/DEBUG] [net.neoforged.fml.loading.moddiscovery.ModDiscoverer/]: Skipping /home/john/.gradle/caches/modules-2/files-2.1/com.github.oshi/oshi-core/6.4.10/b1d8ab82d11d92fd639b56d639f8f46f739dd5fa/oshi-core-6.4.10.jar because it was already located earlier
[31Mar2026 00:26:21.621] [main/DEBUG] [net.neoforged.fml.loading.moddiscovery.ModDiscoverer/]: Skipping /home/john/.gradle/caches/modules-2/files-2.1/com.google.guava/failureaccess/1.0.1/1dcf1de382a0bf95a3d8b0849546c88bac1292c9/failureaccess-1.0.1.jar because it was already located earlier
[31Mar2026 00:26:21.621] [main/DEBUG] [net.neoforged.fml.loading.moddiscovery.ModDiscoverer/]: Skipping /home/john/.gradle/caches/modules-2/files-2.1/com.ibm.icu/icu4j/73.2/61ad4ef7f9131fcf6d25c34b817f90d6da06c9e9/icu4j-73.2.jar because it was already located earlier
[31Mar2026 00:26:21.621] [main/DEBUG] [net.neoforged.fml.loading.moddiscovery.ModDiscoverer/]: Skipping /home/john/.gradle/caches/modules-2/files-2.1/com.mojang/authlib/6.0.54/de8bc95660e1b2fe8793fd427a7a10dcec5b3ea7/authlib-6.0.54.jar because it was already located earlier
[31Mar2026 00:26:21.621] [main/DEBUG] [net.neoforged.fml.loading.moddiscovery.ModDiscoverer/]: Skipping /home/john/.gradle/caches/modules-2/files-2.1/com.mojang/blocklist/1.0.10/5c685c5ffa94c4cd39496c7184c1d122e515ecef/blocklist-1.0.10.jar because it was already located earlier
[31Mar2026 00:26:21.621] [main/DEBUG] [net.neoforged.fml.loading.moddiscovery.ModDiscoverer/]: Skipping /home/john/.gradle/caches/modules-2/files-2.1/com.mojang/brigadier/1.3.10/d15b53a14cf20fdcaa98f731af5dda654452c010/brigadier-1.3.10.jar because it was already located earlier
[31Mar2026 00:26:21.621] [main/DEBUG] [net.neoforged.fml.loading.moddiscovery.ModDiscoverer/]: Skipping /home/john/.gradle/caches/modules-2/files-2.1/com.mojang/datafixerupper/8.0.16/67d4de6d7f95d89bcf5862995fb854ebaec02a34/datafixerupper-8.0.16.jar because it was already located earlier
[31Mar2026 00:26:21.621] [main/DEBUG] [net.neoforged.fml.loading.moddiscovery.ModDiscoverer/]: Skipping /home/john/.gradle/caches/modules-2/files-2.1/com.mojang/patchy/2.2.10/da05971b07cbb379d002cf7eaec6a2048211fefc/patchy-2.2.10.jar because it was already located earlier
[31Mar2026 00:26:21.622] [main/DEBUG] [net.neoforged.fml.loading.moddiscovery.ModDiscoverer/]: Skipping /home/john/.gradle/caches/modules-2/files-2.1/com.mojang/text2speech/1.17.9/3cad216e3a7f0c19b4b394388bc9ffc446f13b14/text2speech-1.17.9.jar because it was already located earlier
[31Mar2026 00:26:21.622] [main/DEBUG] [net.neoforged.fml.loading.moddiscovery.ModDiscoverer/]: Skipping /home/john/.gradle/caches/modules-2/files-2.1/commons-codec/commons-codec/1.16.0/4e3eb3d79888d76b54e28b350915b5dc3919c9de/commons-codec-1.16.0.jar because it was already located earlier
[31Mar2026 00:26:21.622] [main/DEBUG] [net.neoforged.fml.loading.moddiscovery.ModDiscoverer/]: Skipping /home/john/.gradle/caches/modules-2/files-2.1/commons-logging/commons-logging/1.2/4bfc12adfe4842bf07b657f0369c4cb522955686/commons-logging-1.2.jar because it was already located earlier
[31Mar2026 00:26:21.622] [main/DEBUG] [net.neoforged.fml.loading.moddiscovery.ModDiscoverer/]: Skipping /home/john/.gradle/caches/modules-2/files-2.1/io.netty/netty-buffer/4.1.97.Final/f8f3d8644afa5e6e1a40a3a6aeb9d9aa970ecb4f/netty-buffer-4.1.97.Final.jar because it was already located earlier
[31Mar2026 00:26:21.622] [main/DEBUG] [net.neoforged.fml.loading.moddiscovery.ModDiscoverer/]: Skipping /home/john/.gradle/caches/modules-2/files-2.1/io.netty/netty-codec/4.1.97.Final/384ba4d75670befbedb45c4d3b497a93639c206d/netty-codec-4.1.97.Final.jar because it was already located earlier
[31Mar2026 00:26:21.622] [main/DEBUG] [net.neoforged.fml.loading.moddiscovery.ModDiscoverer/]: Skipping /home/john/.gradle/caches/modules-2/files-2.1/io.netty/netty-common/4.1.97.Final/7cceacaf11df8dc63f23d0fb58e9d4640fc88404/netty-common-4.1.97.Final.jar because it was already located earlier
[31Mar2026 00:26:21.623] [main/DEBUG] [net.neoforged.fml.loading.moddiscovery.ModDiscoverer/]: Skipping /home/john/.gradle/caches/modules-2/files-2.1/io.netty/netty-handler/4.1.97.Final/abb86c6906bf512bf2b797a41cd7d2e8d3cd7c36/netty-handler-4.1.97.Final.jar because it was already located earlier
[31Mar2026 00:26:21.623] [main/DEBUG] [net.neoforged.fml.loading.moddiscovery.ModDiscoverer/]: Skipping /home/john/.gradle/caches/modules-2/files-2.1/io.netty/netty-resolver/4.1.97.Final/cec8348108dc76c47cf87c669d514be52c922144/netty-resolver-4.1.97.Final.jar because it was already located earlier
[31Mar2026 00:26:21.623] [main/DEBUG] [net.neoforged.fml.loading.moddiscovery.ModDiscoverer/]: Skipping /home/john/.gradle/caches/modules-2/files-2.1/io.netty/netty-transport-classes-epoll/4.1.97.Final/795da37ded759e862457a82d9d92c4d39ce8ecee/netty-transport-classes-epoll-4.1.97.Final.jar because it was already located earlier
[31Mar2026 00:26:21.623] [main/DEBUG] [net.neoforged.fml.loading.moddiscovery.ModDiscoverer/]: Skipping /home/john/.gradle/caches/modules-2/files-2.1/io.netty/netty-transport-native-unix-common/4.1.97.Final/d469d84265ab70095b01b40886cabdd433b6e664/netty-transport-native-unix-common-4.1.97.Final.jar because it was already located earlier
[31Mar2026 00:26:21.623] [main/DEBUG] [net.neoforged.fml.loading.moddiscovery.ModDiscoverer/]: Skipping /home/john/.gradle/caches/modules-2/files-2.1/io.netty/netty-transport/4.1.97.Final/f37380d23c9bb079bc702910833b2fd532c9abd0/netty-transport-4.1.97.Final.jar because it was already located earlier
[31Mar2026 00:26:21.623] [main/DEBUG] [net.neoforged.fml.loading.moddiscovery.ModDiscoverer/]: Skipping /home/john/.gradle/caches/modules-2/files-2.1/it.unimi.dsi/fastutil/8.5.12/c24946d46824bd528054bface3231d2ecb7e95e8/fastutil-8.5.12.jar because it was already located earlier
[31Mar2026 00:26:21.623] [main/DEBUG] [net.neoforged.fml.loading.moddiscovery.ModDiscoverer/]: Skipping /home/john/.gradle/caches/modules-2/files-2.1/net.java.dev.jna/jna-platform/5.14.0/28934d48aed814f11e4c584da55c49fa7032b31b/jna-platform-5.14.0.jar because it was already located earlier
[31Mar2026 00:26:21.624] [main/DEBUG] [net.neoforged.fml.loading.moddiscovery.ModDiscoverer/]: Skipping /home/john/.gradle/caches/modules-2/files-2.1/net.java.dev.jna/jna/5.14.0/67bf3eaea4f0718cb376a181a629e5f88fa1c9dd/jna-5.14.0.jar because it was already located earlier
[31Mar2026 00:26:21.624] [main/DEBUG] [net.neoforged.fml.loading.moddiscovery.ModDiscoverer/]: Skipping /home/john/.gradle/caches/modules-2/files-2.1/org.apache.commons/commons-compress/1.26.0/659feffdd12280201c8aacb8f7be94f9a883c824/commons-compress-1.26.0.jar because it was already located earlier
[31Mar2026 00:26:21.624] [main/DEBUG] [net.neoforged.fml.loading.moddiscovery.ModDiscoverer/]: Skipping /home/john/.gradle/caches/modules-2/files-2.1/org.apache.httpcomponents/httpclient/4.5.13/e5f6cae5ca7ecaac1ec2827a9e2d65ae2869cada/httpclient-4.5.13.jar because it was already located earlier
[31Mar2026 00:26:21.624] [main/DEBUG] [net.neoforged.fml.loading.moddiscovery.ModDiscoverer/]: Skipping /home/john/.gradle/caches/modules-2/files-2.1/org.apache.httpcomponents/httpcore/4.4.16/51cf043c87253c9f58b539c9f7e44c8894223850/httpcore-4.4.16.jar because it was already located earlier
[31Mar2026 00:26:21.624] [main/DEBUG] [net.neoforged.fml.loading.moddiscovery.ModDiscoverer/]: Skipping /home/john/.gradle/caches/modules-2/files-2.1/org.jcraft/jorbis/0.0.17/8872d22b293e8f5d7d56ff92be966e6dc28ebdc6/jorbis-0.0.17.jar because it was already located earlier
[31Mar2026 00:26:21.624] [main/DEBUG] [net.neoforged.fml.loading.moddiscovery.ModDiscoverer/]: Skipping /home/john/.gradle/caches/modules-2/files-2.1/org.joml/joml/1.10.5/22566d58af70ad3d72308bab63b8339906deb649/joml-1.10.5.jar because it was already located earlier
[31Mar2026 00:26:21.624] [main/DEBUG] [net.neoforged.fml.loading.moddiscovery.ModDiscoverer/]: Skipping /home/john/.gradle/caches/modules-2/files-2.1/org.lwjgl/lwjgl-freetype/3.3.3/a0db6c84a8becc8ca05f9dbfa985edc348a824c7/lwjgl-freetype-3.3.3.jar because it was already located earlier
[31Mar2026 00:26:21.624] [main/DEBUG] [net.neoforged.fml.loading.moddiscovery.ModDiscoverer/]: Skipping /home/john/.gradle/caches/modules-2/files-2.1/org.lwjgl/lwjgl-freetype/3.3.3/149070a5480900347071b7074779531f25a6e3dc/lwjgl-freetype-3.3.3-natives-linux.jar because it was already located earlier
[31Mar2026 00:26:21.624] [main/DEBUG] [net.neoforged.fml.loading.moddiscovery.ModDiscoverer/]: Skipping /home/john/.gradle/caches/modules-2/files-2.1/org.lwjgl/lwjgl-glfw/3.3.3/efa1eb78c5ccd840e9f329717109b5e892d72f8e/lwjgl-glfw-3.3.3.jar because it was already located earlier
[31Mar2026 00:26:21.624] [main/DEBUG] [net.neoforged.fml.loading.moddiscovery.ModDiscoverer/]: Skipping /home/john/.gradle/caches/modules-2/files-2.1/org.lwjgl/lwjgl-glfw/3.3.3/a03684c5e4b1b1dbbe0d29dbbdc27b985b6840f2/lwjgl-glfw-3.3.3-natives-linux.jar because it was already located earlier
[31Mar2026 00:26:21.624] [main/DEBUG] [net.neoforged.fml.loading.moddiscovery.ModDiscoverer/]: Skipping /home/john/.gradle/caches/modules-2/files-2.1/org.lwjgl/lwjgl-jemalloc/3.3.3/b543467b7ff3c6920539a88ee602d34098628be5/lwjgl-jemalloc-3.3.3.jar because it was already located earlier
[31Mar2026 00:26:21.625] [main/DEBUG] [net.neoforged.fml.loading.moddiscovery.ModDiscoverer/]: Skipping /home/john/.gradle/caches/modules-2/files-2.1/org.lwjgl/lwjgl-jemalloc/3.3.3/4f86728bf449b1dd61251c4e0ac01df1389cb51e/lwjgl-jemalloc-3.3.3-natives-linux.jar because it was already located earlier
[31Mar2026 00:26:21.625] [main/DEBUG] [net.neoforged.fml.loading.moddiscovery.ModDiscoverer/]: Skipping /home/john/.gradle/caches/modules-2/files-2.1/org.lwjgl/lwjgl-openal/3.3.3/daada81ceb5fc0c291fbfdd4433cb8d9423577f2/lwjgl-openal-3.3.3.jar because it was already located earlier
[31Mar2026 00:26:21.625] [main/DEBUG] [net.neoforged.fml.loading.moddiscovery.ModDiscoverer/]: Skipping /home/john/.gradle/caches/modules-2/files-2.1/org.lwjgl/lwjgl-openal/3.3.3/3037360cc4595079bea240af250b6d1a527e0905/lwjgl-openal-3.3.3-natives-linux.jar because it was already located earlier
[31Mar2026 00:26:21.625] [main/DEBUG] [net.neoforged.fml.loading.moddiscovery.ModDiscoverer/]: Skipping /home/john/.gradle/caches/modules-2/files-2.1/org.lwjgl/lwjgl-opengl/3.3.3/2f6b0147078396a58979125a4c947664e98293a/lwjgl-opengl-3.3.3.jar because it was already located earlier
[31Mar2026 00:26:21.625] [main/DEBUG] [net.neoforged.fml.loading.moddiscovery.ModDiscoverer/]: Skipping /home/john/.gradle/caches/modules-2/files-2.1/org.lwjgl/lwjgl-opengl/3.3.3/62c70a4b00ca5391882b0f4b787c1588d24f1c86/lwjgl-opengl-3.3.3-natives-linux.jar because it was already located earlier
[31Mar2026 00:26:21.625] [main/DEBUG] [net.neoforged.fml.loading.moddiscovery.ModDiscoverer/]: Skipping /home/john/.gradle/caches/modules-2/files-2.1/org.lwjgl/lwjgl-stb/3.3.3/25dd6161988d7e65f71d5065c99902402ee32746/lwjgl-stb-3.3.3.jar because it was already located earlier
[31Mar2026 00:26:21.625] [main/DEBUG] [net.neoforged.fml.loading.moddiscovery.ModDiscoverer/]: Skipping /home/john/.gradle/caches/modules-2/files-2.1/org.lwjgl/lwjgl-stb/3.3.3/fd1271ccd9d85eff2fa31f3fd543e02ccfaf5041/lwjgl-stb-3.3.3-natives-linux.jar because it was already located earlier
[31Mar2026 00:26:21.625] [main/DEBUG] [net.neoforged.fml.loading.moddiscovery.ModDiscoverer/]: Skipping /home/john/.gradle/caches/modules-2/files-2.1/org.lwjgl/lwjgl-tinyfd/3.3.3/82d755ca94b102e9ca77283b9e2dc46d1b15fbe5/lwjgl-tinyfd-3.3.3.jar because it was already located earlier
[31Mar2026 00:26:21.626] [main/DEBUG] [net.neoforged.fml.loading.moddiscovery.ModDiscoverer/]: Skipping /home/john/.gradle/caches/modules-2/files-2.1/org.lwjgl/lwjgl-tinyfd/3.3.3/d8d58daa0c3e5fd906fee96f5fddbcbc07cc308b/lwjgl-tinyfd-3.3.3-natives-linux.jar because it was already located earlier
[31Mar2026 00:26:21.626] [main/DEBUG] [net.neoforged.fml.loading.moddiscovery.ModDiscoverer/]: Skipping /home/john/.gradle/caches/modules-2/files-2.1/org.lwjgl/lwjgl/3.3.3/29589b5f87ed335a6c7e7ee6a5775f81f97ecb84/lwjgl-3.3.3.jar because it was already located earlier
[31Mar2026 00:26:21.626] [main/DEBUG] [net.neoforged.fml.loading.moddiscovery.ModDiscoverer/]: Skipping /home/john/.gradle/caches/modules-2/files-2.1/org.lwjgl/lwjgl/3.3.3/1713758e3660ba66e1e954396fd18126038b33c0/lwjgl-3.3.3-natives-linux.jar because it was already located earlier
[31Mar2026 00:26:21.626] [main/DEBUG] [net.neoforged.fml.loading.moddiscovery.ModDiscoverer/]: Skipping /home/john/.gradle/caches/modules-2/files-2.1/org.lz4/lz4-java/1.8.0/4b986a99445e49ea5fbf5d149c4b63f6ed6c6780/lz4-java-1.8.0.jar because it was already located earlier
[31Mar2026 00:26:21.626] [main/DEBUG] [net.neoforged.fml.loading.moddiscovery.ModDiscoverer/]: Skipping /home/john/.gradle/caches/modules-2/files-2.1/org.jline/jline-terminal/3.20.0/d0ddcc708ddf527a3454c941b7b9225cc83a15ff/jline-terminal-3.20.0.jar because it was already located earlier
[31Mar2026 00:26:21.626] [main/DEBUG] [net.neoforged.fml.loading.moddiscovery.ModDiscoverer/]: Skipping /home/john/.gradle/caches/modules-2/files-2.1/io.netty/netty-transport-native-epoll/4.1.97.Final/5514744c588190ffda076b35a9b8c9f24946a960/netty-transport-native-epoll-4.1.97.Final-linux-aarch_64.jar because it was already located earlier
[31Mar2026 00:26:21.626] [main/DEBUG] [net.neoforged.fml.loading.moddiscovery.ModDiscoverer/]: Skipping /home/john/.gradle/caches/modules-2/files-2.1/io.netty/netty-transport-native-epoll/4.1.97.Final/54188f271e388e7f313aea995e82f58ce2cdb809/netty-transport-native-epoll-4.1.97.Final-linux-x86_64.jar because it was already located earlier
[31Mar2026 00:26:21.626] [main/DEBUG] [net.neoforged.fml.loading.moddiscovery.ModDiscoverer/]: Skipping /home/john/.gradle/caches/modules-2/files-2.1/com.google.guava/listenablefuture/9999.0-empty-to-avoid-conflict-with-guava/b421526c5f297295adef1c886e5246c39d4ac629/listenablefuture-9999.0-empty-to-avoid-conflict-with-guava.jar because it was already located earlier
[31Mar2026 00:26:21.626] [main/DEBUG] [net.neoforged.fml.loading.moddiscovery.ModDiscoverer/]: Skipping /home/john/.gradle/caches/modules-2/files-2.1/com.google.code.findbugs/jsr305/3.0.2/25ea2e8b0c338a877313bd4672d3fe056ea78f0d/jsr305-3.0.2.jar because it was already located earlier
[31Mar2026 00:26:21.626] [main/DEBUG] [net.neoforged.fml.loading.moddiscovery.ModDiscoverer/]: Skipping /home/john/.gradle/caches/modules-2/files-2.1/org.checkerframework/checker-qual/3.33.0/de2b60b62da487644fc11f734e73c8b0b431238f/checker-qual-3.33.0.jar because it was already located earlier
[31Mar2026 00:26:21.626] [main/DEBUG] [net.neoforged.fml.loading.moddiscovery.ModDiscoverer/]: Skipping /home/john/.gradle/caches/modules-2/files-2.1/com.google.errorprone/error_prone_annotations/2.18.0/89b684257096f548fa39a7df9fdaa409d4d4df91/error_prone_annotations-2.18.0.jar because it was already located earlier
[31Mar2026 00:26:21.626] [main/DEBUG] [net.neoforged.fml.loading.moddiscovery.ModDiscoverer/]: Skipping /home/john/.gradle/caches/modules-2/files-2.1/com.google.j2objc/j2objc-annotations/2.8/c85270e307e7b822f1086b93689124b89768e273/j2objc-annotations-2.8.jar because it was already located earlier
[31Mar2026 00:26:21.627] [pool-2-thread-1/INFO] [EARLYDISPLAY/]: GL info: NVIDIA GeForce RTX 3080/PCIe/SSE2 GL version 4.6.0 NVIDIA 590.48.01, NVIDIA Corporation
[31Mar2026 00:26:21.628] [main/DEBUG] [net.neoforged.fml.loading.UniqueModListBuilder/]: Found 2 mods for first modid neoforge, selecting most recent based on version data
[31Mar2026 00:26:21.628] [main/DEBUG] [net.neoforged.fml.loading.UniqueModListBuilder/]: Selected file neoforge-21.1.219.jar for modid neoforge with version 21.1.219
[31Mar2026 00:26:21.721] [main/INFO] [net.neoforged.fml.loading.moddiscovery.locators.JarInJarDependencyLocator/]: Found 2 dependencies adding them to mods collection
[31Mar2026 00:26:21.723] [main/INFO] [net.neoforged.fml.loading.moddiscovery.ModDiscoverer/]: 
     Mod List:
		Name Version (Mod Id)

		Glitch World! 0.1-beta (glitchworld)
		Minecraft 1.21.1 (minecraft)
		NeoForge 21.1.219 (neoforge)
[31Mar2026 00:26:21.724] [main/DEBUG] [net.neoforged.fml.loading.moddiscovery.ModFileInfo/LOADING]: Found valid mod file neoforge-21.1.219.jar with {minecraft} mods - versions {1.21.1}
[31Mar2026 00:26:21.725] [main/DEBUG] [net.neoforged.fml.loading.moddiscovery.ModFile/LOADING]: Loading mod file /home/john/IdeaProjects/GlitchMod/build/moddev/artifacts/neoforge-21.1.219.jar with languages [LanguageSpec[languageName=minecraft, acceptedVersions=1]]
[31Mar2026 00:26:21.726] [main/DEBUG] [net.neoforged.fml.loading.moddiscovery.ModFileParser/LOADING]: Considering mod file candidate /home/john/IdeaProjects/GlitchMod/build/classes/java/main
[31Mar2026 00:26:21.728] [main/DEBUG] [net.neoforged.fml.loading.moddiscovery.ModFileInfo/LOADING]: Found valid mod file main with {glitchworld} mods - versions {0.1-beta}
[31Mar2026 00:26:21.728] [main/DEBUG] [net.neoforged.fml.loading.moddiscovery.ModFile/LOADING]: Loading mod file /home/john/IdeaProjects/GlitchMod/build/classes/java/main with languages [LanguageSpec[languageName=javafml, acceptedVersions=[4,)]]
[31Mar2026 00:26:21.728] [main/DEBUG] [net.neoforged.fml.loading.moddiscovery.ModFileParser/LOADING]: Considering mod file candidate /home/john/IdeaProjects/GlitchMod/build/moddev/artifacts/neoforge-21.1.219.jar
[31Mar2026 00:26:21.729] [main/DEBUG] [net.neoforged.fml.loading.moddiscovery.ModFileInfo/LOADING]: Found valid mod file neoforge-21.1.219.jar with {neoforge} mods - versions {21.1.219}
[31Mar2026 00:26:21.729] [main/DEBUG] [net.neoforged.fml.loading.moddiscovery.ModFile/LOADING]: Loading mod file /home/john/IdeaProjects/GlitchMod/build/moddev/artifacts/neoforge-21.1.219.jar with languages [LanguageSpec[languageName=javafml, acceptedVersions=[3,]]]
[31Mar2026 00:26:21.729] [main/DEBUG] [net.neoforged.fml.loading.moddiscovery.ModFile/LOADING]: Found mixin config MixinConfig[config=neoforge.mixins.json, requiredMods=[]]
[31Mar2026 00:26:21.730] [main/DEBUG] [net.neoforged.fml.loading.moddiscovery.ModFile/LOADING]: Loading mod file  with languages []
[31Mar2026 00:26:21.730] [main/DEBUG] [cpw.mods.modlauncher.TransformationServiceDecorator/MODLAUNCHER]: End scan trigger - transformation service fml
[31Mar2026 00:26:21.740] [main/DEBUG] [net.neoforged.fml.util.ServiceLoaderUtil/CORE]: Found 3 implementations of IModLanguageLoader:
[31Mar2026 00:26:21.740] [main/DEBUG] [net.neoforged.fml.util.ServiceLoaderUtil/CORE]: 	net.neoforged.fml.javafmlmod.FMLJavaModLanguageProvider from loader-4.0.42.jar
[31Mar2026 00:26:21.740] [main/DEBUG] [net.neoforged.fml.util.ServiceLoaderUtil/CORE]: 	net.neoforged.fml.lowcodemod.LowCodeModLanguageProvider from loader-4.0.42.jar
[31Mar2026 00:26:21.740] [main/DEBUG] [net.neoforged.fml.util.ServiceLoaderUtil/CORE]: 	net.neoforged.fml.mclanguageprovider.MinecraftModLanguageProvider from loader-4.0.42.jar
[31Mar2026 00:26:21.740] [main/DEBUG] [net.neoforged.fml.loading.LanguageProviderLoader/CORE]: Found language provider javafml, version 4.0.42
[31Mar2026 00:26:21.741] [main/DEBUG] [net.neoforged.fml.loading.LanguageProviderLoader/CORE]: Found language provider lowcodefml, version 4.0.42
[31Mar2026 00:26:21.741] [main/DEBUG] [net.neoforged.fml.loading.LanguageProviderLoader/CORE]: Found language provider minecraft, version 4.0.42
[31Mar2026 00:26:21.745] [main/DEBUG] [net.neoforged.fml.loading.ModSorter/]: Configured system mods: [minecraft, neoforge]
[31Mar2026 00:26:21.745] [main/DEBUG] [net.neoforged.fml.loading.ModSorter/]: Found system mod: minecraft
[31Mar2026 00:26:21.746] [main/DEBUG] [net.neoforged.fml.loading.ModSorter/]: Found system mod: neoforge
[31Mar2026 00:26:21.747] [main/DEBUG] [net.neoforged.fml.loading.ModSorter/LOADING]: Found 2 mod requirements (2 mandatory, 0 optional)
[31Mar2026 00:26:21.748] [main/DEBUG] [net.neoforged.fml.loading.ModSorter/LOADING]: Found 0 mod requirements missing (0 mandatory, 0 optional)
[31Mar2026 00:26:21.854] [main/DEBUG] [mixin/]: Adding mixin platform agents for container net.neoforged.fml.loading.mixin.FMLMixinContainerHandle@333cb916
[31Mar2026 00:26:21.854] [main/DEBUG] [mixin/]: Instancing new MixinPlatformAgentMinecraftForge for net.neoforged.fml.loading.mixin.FMLMixinContainerHandle@333cb916
[31Mar2026 00:26:21.854] [main/DEBUG] [mixin/]: MixinPlatformAgentMinecraftForge rejected container net.neoforged.fml.loading.mixin.FMLMixinContainerHandle@333cb916
[31Mar2026 00:26:21.854] [main/DEBUG] [mixin/]: Instancing new MixinPlatformAgentDefault for net.neoforged.fml.loading.mixin.FMLMixinContainerHandle@333cb916
[31Mar2026 00:26:21.854] [main/DEBUG] [mixin/]: MixinPlatformAgentDefault accepted container net.neoforged.fml.loading.mixin.FMLMixinContainerHandle@333cb916
[31Mar2026 00:26:21.854] [main/DEBUG] [mixin/]: Instancing new FMLMixinPlatformAgent for net.neoforged.fml.loading.mixin.FMLMixinContainerHandle@333cb916
[31Mar2026 00:26:21.854] [main/DEBUG] [mixin/]: FMLMixinPlatformAgent accepted container net.neoforged.fml.loading.mixin.FMLMixinContainerHandle@333cb916
[31Mar2026 00:26:21.859] [main/DEBUG] [cpw.mods.modlauncher.TransformationServicesHandler/MODLAUNCHER]: Transformation services loading transformers
[31Mar2026 00:26:21.859] [main/DEBUG] [cpw.mods.modlauncher.TransformationServiceDecorator/MODLAUNCHER]: Initializing transformers for transformation service mixin
[31Mar2026 00:26:21.859] [main/DEBUG] [cpw.mods.modlauncher.TransformationServiceDecorator/MODLAUNCHER]: Initialized transformers for transformation service mixin
[31Mar2026 00:26:21.859] [main/DEBUG] [cpw.mods.modlauncher.TransformationServiceDecorator/MODLAUNCHER]: Initializing transformers for transformation service fml
[31Mar2026 00:26:21.860] [main/DEBUG] [net.neoforged.fml.loading.FMLServiceProvider/LOADING]: Loading coremod transformers
[31Mar2026 00:26:21.860] [main/DEBUG] [net.neoforged.fml.loading.FMLServiceProvider/CORE]: Not loading coremod script-engine since no mod requested it
[31Mar2026 00:26:21.861] [main/DEBUG] [net.neoforged.fml.util.ServiceLoaderUtil/CORE]: Found 1 implementations of ICoreMod:
[31Mar2026 00:26:21.861] [main/DEBUG] [net.neoforged.fml.util.ServiceLoaderUtil/CORE]: 	net.neoforged.neoforge.coremods.NeoForgeCoreMod from neoforge-21.1.219.jar > net.neoforged.neoforge-coremods-21.1.219.jar
[31Mar2026 00:26:21.866] [main/DEBUG] [net.neoforged.fml.loading.FMLServiceProvider/CORE]: Adding [Target[className=net.minecraft.world.level.biome.Biome, elementName=, elementDescriptor=, targetType=cpw.mods.modlauncher.api.TargetType@6622fc65]] transformer from core-mod net.neoforged.neoforge.coremods.NeoForgeCoreMod@1e54cb33 in neoforge-21.1.219.jar > net.neoforged.neoforge-coremods-21.1.219.jar
[31Mar2026 00:26:21.866] [main/DEBUG] [net.neoforged.fml.loading.FMLServiceProvider/CORE]: Adding [Target[className=net.minecraft.world.level.levelgen.structure.Structure, elementName=, elementDescriptor=, targetType=cpw.mods.modlauncher.api.TargetType@6622fc65]] transformer from core-mod net.neoforged.neoforge.coremods.NeoForgeCoreMod@1e54cb33 in neoforge-21.1.219.jar > net.neoforged.neoforge-coremods-21.1.219.jar
[31Mar2026 00:26:21.867] [main/DEBUG] [net.neoforged.fml.loading.FMLServiceProvider/CORE]: Adding [Target[className=net.minecraft.world.level.block.FlowerPotBlock, elementName=, elementDescriptor=, targetType=cpw.mods.modlauncher.api.TargetType@6622fc65]] transformer from core-mod net.neoforged.neoforge.coremods.NeoForgeCoreMod@1e54cb33 in neoforge-21.1.219.jar > net.neoforged.neoforge-coremods-21.1.219.jar
[31Mar2026 00:26:21.867] [main/DEBUG] [net.neoforged.fml.loading.FMLServiceProvider/CORE]: Adding [Target[className=net/minecraft/world/entity/monster/ZombieVillager, elementName=, elementDescriptor=, targetType=cpw.mods.modlauncher.api.TargetType@6622fc65], Target[className=net/minecraft/world/level/levelgen/PatrolSpawner, elementName=, elementDescriptor=, targetType=cpw.mods.modlauncher.api.TargetType@6622fc65], Target[className=net/minecraft/world/entity/ai/village/VillageSiege, elementName=, elementDescriptor=, targetType=cpw.mods.modlauncher.api.TargetType@6622fc65], Target[className=net/minecraft/server/commands/RaidCommand, elementName=, elementDescriptor=, targetType=cpw.mods.modlauncher.api.TargetType@6622fc65], Target[className=net/minecraft/server/commands/SummonCommand, elementName=, elementDescriptor=, targetType=cpw.mods.modlauncher.api.TargetType@6622fc65], Target[className=net/minecraft/world/level/levelgen/structure/structures/WoodlandMansionPieces$WoodlandMansionPiece, elementName=, elementDescriptor=, targetType=cpw.mods.modlauncher.api.TargetType@6622fc65], Target[className=net/minecraft/world/level/levelgen/structure/structures/OceanMonumentPieces$OceanMonumentPiece, elementName=, elementDescriptor=, targetType=cpw.mods.modlauncher.api.TargetType@6622fc65], Target[className=net/minecraft/world/entity/raid/Raid, elementName=, elementDescriptor=, targetType=cpw.mods.modlauncher.api.TargetType@6622fc65], Target[className=net/minecraft/world/entity/monster/Zombie, elementName=, elementDescriptor=, targetType=cpw.mods.modlauncher.api.TargetType@6622fc65], Target[className=net/minecraft/world/level/NaturalSpawner, elementName=, elementDescriptor=, targetType=cpw.mods.modlauncher.api.TargetType@6622fc65], Target[className=net/minecraft/world/entity/npc/Villager, elementName=, elementDescriptor=, targetType=cpw.mods.modlauncher.api.TargetType@6622fc65], Target[className=net/minecraft/world/level/levelgen/structure/structures/OceanRuinPieces$OceanRuinPiece, elementName=, elementDescriptor=, targetType=cpw.mods.modlauncher.api.TargetType@6622fc65], Target[className=net/minecraft/world/entity/monster/Spider, elementName=, elementDescriptor=, targetType=cpw.mods.modlauncher.api.TargetType@6622fc65], Target[className=net/minecraft/world/level/levelgen/structure/templatesystem/StructureTemplate, elementName=, elementDescriptor=, targetType=cpw.mods.modlauncher.api.TargetType@6622fc65], Target[className=net/minecraft/world/entity/animal/horse/SkeletonTrapGoal, elementName=, elementDescriptor=, targetType=cpw.mods.modlauncher.api.TargetType@6622fc65], Target[className=net/minecraft/world/entity/npc/CatSpawner, elementName=, elementDescriptor=, targetType=cpw.mods.modlauncher.api.TargetType@6622fc65], Target[className=net/minecraft/world/entity/EntityType, elementName=, elementDescriptor=, targetType=cpw.mods.modlauncher.api.TargetType@6622fc65], Target[className=net/minecraft/world/entity/monster/Strider, elementName=, elementDescriptor=, targetType=cpw.mods.modlauncher.api.TargetType@6622fc65], Target[className=net/minecraft/world/entity/animal/frog/Tadpole, elementName=, elementDescriptor=, targetType=cpw.mods.modlauncher.api.TargetType@6622fc65], Target[className=net/minecraft/world/entity/monster/Evoker$EvokerSummonSpellGoal, elementName=, elementDescriptor=, targetType=cpw.mods.modlauncher.api.TargetType@6622fc65], Target[className=net/minecraft/world/level/levelgen/PhantomSpawner, elementName=, elementDescriptor=, targetType=cpw.mods.modlauncher.api.TargetType@6622fc65], Target[className=net/minecraft/world/level/levelgen/structure/structures/SwampHutPiece, elementName=, elementDescriptor=, targetType=cpw.mods.modlauncher.api.TargetType@6622fc65]] transformer from core-mod net.neoforged.neoforge.coremods.NeoForgeCoreMod@1e54cb33 in neoforge-21.1.219.jar > net.neoforged.neoforge-coremods-21.1.219.jar
[31Mar2026 00:26:21.868] [main/DEBUG] [cpw.mods.modlauncher.TransformStore/MODLAUNCHER]: Adding transformer net.neoforged.neoforge.coremods.ReplaceFieldWithGetterAccess@1f966492 to Target : cpw.mods.modlauncher.api.TargetType@6622fc65 {Lnet/minecraft/world/level/biome/Biome;} {} {V}
[31Mar2026 00:26:21.869] [main/DEBUG] [cpw.mods.modlauncher.TransformStore/MODLAUNCHER]: Adding transformer net.neoforged.neoforge.coremods.ReplaceFieldWithGetterAccess@748e9b20 to Target : cpw.mods.modlauncher.api.TargetType@6622fc65 {Lnet/minecraft/world/level/levelgen/structure/Structure;} {} {V}
[31Mar2026 00:26:21.869] [main/DEBUG] [cpw.mods.modlauncher.TransformStore/MODLAUNCHER]: Adding transformer net.neoforged.neoforge.coremods.ReplaceFieldWithGetterAccess@2063c53e to Target : cpw.mods.modlauncher.api.TargetType@6622fc65 {Lnet/minecraft/world/level/block/FlowerPotBlock;} {} {V}
[31Mar2026 00:26:21.869] [main/DEBUG] [cpw.mods.modlauncher.TransformStore/MODLAUNCHER]: Adding transformer net.neoforged.neoforge.coremods.MethodRedirector@2a9bc08f to Target : cpw.mods.modlauncher.api.TargetType@6622fc65 {Lnet/minecraft/world/entity/monster/ZombieVillager;} {} {V}
[31Mar2026 00:26:21.869] [main/DEBUG] [cpw.mods.modlauncher.TransformStore/MODLAUNCHER]: Adding transformer net.neoforged.neoforge.coremods.MethodRedirector@2a9bc08f to Target : cpw.mods.modlauncher.api.TargetType@6622fc65 {Lnet/minecraft/world/level/levelgen/PatrolSpawner;} {} {V}
[31Mar2026 00:26:21.869] [main/DEBUG] [cpw.mods.modlauncher.TransformStore/MODLAUNCHER]: Adding transformer net.neoforged.neoforge.coremods.MethodRedirector@2a9bc08f to Target : cpw.mods.modlauncher.api.TargetType@6622fc65 {Lnet/minecraft/world/entity/ai/village/VillageSiege;} {} {V}
[31Mar2026 00:26:21.869] [main/DEBUG] [cpw.mods.modlauncher.TransformStore/MODLAUNCHER]: Adding transformer net.neoforged.neoforge.coremods.MethodRedirector@2a9bc08f to Target : cpw.mods.modlauncher.api.TargetType@6622fc65 {Lnet/minecraft/server/commands/RaidCommand;} {} {V}
[31Mar2026 00:26:21.869] [main/DEBUG] [cpw.mods.modlauncher.TransformStore/MODLAUNCHER]: Adding transformer net.neoforged.neoforge.coremods.MethodRedirector@2a9bc08f to Target : cpw.mods.modlauncher.api.TargetType@6622fc65 {Lnet/minecraft/server/commands/SummonCommand;} {} {V}
[31Mar2026 00:26:21.870] [main/DEBUG] [cpw.mods.modlauncher.TransformStore/MODLAUNCHER]: Adding transformer net.neoforged.neoforge.coremods.MethodRedirector@2a9bc08f to Target : cpw.mods.modlauncher.api.TargetType@6622fc65 {Lnet/minecraft/world/level/levelgen/structure/structures/WoodlandMansionPieces$WoodlandMansionPiece;} {} {V}
[31Mar2026 00:26:21.870] [main/DEBUG] [cpw.mods.modlauncher.TransformStore/MODLAUNCHER]: Adding transformer net.neoforged.neoforge.coremods.MethodRedirector@2a9bc08f to Target : cpw.mods.modlauncher.api.TargetType@6622fc65 {Lnet/minecraft/world/level/levelgen/structure/structures/OceanMonumentPieces$OceanMonumentPiece;} {} {V}
[31Mar2026 00:26:21.870] [main/DEBUG] [cpw.mods.modlauncher.TransformStore/MODLAUNCHER]: Adding transformer net.neoforged.neoforge.coremods.MethodRedirector@2a9bc08f to Target : cpw.mods.modlauncher.api.TargetType@6622fc65 {Lnet/minecraft/world/entity/raid/Raid;} {} {V}
[31Mar2026 00:26:21.870] [main/DEBUG] [cpw.mods.modlauncher.TransformStore/MODLAUNCHER]: Adding transformer net.neoforged.neoforge.coremods.MethodRedirector@2a9bc08f to Target : cpw.mods.modlauncher.api.TargetType@6622fc65 {Lnet/minecraft/world/entity/monster/Zombie;} {} {V}
[31Mar2026 00:26:21.870] [main/DEBUG] [cpw.mods.modlauncher.TransformStore/MODLAUNCHER]: Adding transformer net.neoforged.neoforge.coremods.MethodRedirector@2a9bc08f to Target : cpw.mods.modlauncher.api.TargetType@6622fc65 {Lnet/minecraft/world/level/NaturalSpawner;} {} {V}
[31Mar2026 00:26:21.870] [main/DEBUG] [cpw.mods.modlauncher.TransformStore/MODLAUNCHER]: Adding transformer net.neoforged.neoforge.coremods.MethodRedirector@2a9bc08f to Target : cpw.mods.modlauncher.api.TargetType@6622fc65 {Lnet/minecraft/world/entity/npc/Villager;} {} {V}
[31Mar2026 00:26:21.870] [main/DEBUG] [cpw.mods.modlauncher.TransformStore/MODLAUNCHER]: Adding transformer net.neoforged.neoforge.coremods.MethodRedirector@2a9bc08f to Target : cpw.mods.modlauncher.api.TargetType@6622fc65 {Lnet/minecraft/world/level/levelgen/structure/structures/OceanRuinPieces$OceanRuinPiece;} {} {V}
[31Mar2026 00:26:21.870] [main/DEBUG] [cpw.mods.modlauncher.TransformStore/MODLAUNCHER]: Adding transformer net.neoforged.neoforge.coremods.MethodRedirector@2a9bc08f to Target : cpw.mods.modlauncher.api.TargetType@6622fc65 {Lnet/minecraft/world/entity/monster/Spider;} {} {V}
[31Mar2026 00:26:21.870] [main/DEBUG] [cpw.mods.modlauncher.TransformStore/MODLAUNCHER]: Adding transformer net.neoforged.neoforge.coremods.MethodRedirector@2a9bc08f to Target : cpw.mods.modlauncher.api.TargetType@6622fc65 {Lnet/minecraft/world/level/levelgen/structure/templatesystem/StructureTemplate;} {} {V}
[31Mar2026 00:26:21.870] [main/DEBUG] [cpw.mods.modlauncher.TransformStore/MODLAUNCHER]: Adding transformer net.neoforged.neoforge.coremods.MethodRedirector@2a9bc08f to Target : cpw.mods.modlauncher.api.TargetType@6622fc65 {Lnet/minecraft/world/entity/animal/horse/SkeletonTrapGoal;} {} {V}
[31Mar2026 00:26:21.870] [main/DEBUG] [cpw.mods.modlauncher.TransformStore/MODLAUNCHER]: Adding transformer net.neoforged.neoforge.coremods.MethodRedirector@2a9bc08f to Target : cpw.mods.modlauncher.api.TargetType@6622fc65 {Lnet/minecraft/world/entity/npc/CatSpawner;} {} {V}
[31Mar2026 00:26:21.870] [main/DEBUG] [cpw.mods.modlauncher.TransformStore/MODLAUNCHER]: Adding transformer net.neoforged.neoforge.coremods.MethodRedirector@2a9bc08f to Target : cpw.mods.modlauncher.api.TargetType@6622fc65 {Lnet/minecraft/world/entity/EntityType;} {} {V}
[31Mar2026 00:26:21.871] [main/DEBUG] [cpw.mods.modlauncher.TransformStore/MODLAUNCHER]: Adding transformer net.neoforged.neoforge.coremods.MethodRedirector@2a9bc08f to Target : cpw.mods.modlauncher.api.TargetType@6622fc65 {Lnet/minecraft/world/entity/monster/Strider;} {} {V}
[31Mar2026 00:26:21.871] [main/DEBUG] [cpw.mods.modlauncher.TransformStore/MODLAUNCHER]: Adding transformer net.neoforged.neoforge.coremods.MethodRedirector@2a9bc08f to Target : cpw.mods.modlauncher.api.TargetType@6622fc65 {Lnet/minecraft/world/entity/animal/frog/Tadpole;} {} {V}
[31Mar2026 00:26:21.871] [main/DEBUG] [cpw.mods.modlauncher.TransformStore/MODLAUNCHER]: Adding transformer net.neoforged.neoforge.coremods.MethodRedirector@2a9bc08f to Target : cpw.mods.modlauncher.api.TargetType@6622fc65 {Lnet/minecraft/world/entity/monster/Evoker$EvokerSummonSpellGoal;} {} {V}
[31Mar2026 00:26:21.871] [main/DEBUG] [cpw.mods.modlauncher.TransformStore/MODLAUNCHER]: Adding transformer net.neoforged.neoforge.coremods.MethodRedirector@2a9bc08f to Target : cpw.mods.modlauncher.api.TargetType@6622fc65 {Lnet/minecraft/world/level/levelgen/PhantomSpawner;} {} {V}
[31Mar2026 00:26:21.871] [main/DEBUG] [cpw.mods.modlauncher.TransformStore/MODLAUNCHER]: Adding transformer net.neoforged.neoforge.coremods.MethodRedirector@2a9bc08f to Target : cpw.mods.modlauncher.api.TargetType@6622fc65 {Lnet/minecraft/world/level/levelgen/structure/structures/SwampHutPiece;} {} {V}
[31Mar2026 00:26:21.871] [main/DEBUG] [cpw.mods.modlauncher.TransformationServiceDecorator/MODLAUNCHER]: Initialized transformers for transformation service fml
[31Mar2026 00:26:22.055] [main/DEBUG] [mixin/]: Processing prepare() for PlatformAgent[MixinPlatformAgentDefault:ModLauncher Root Container(ModLauncher:4f56a0a2)]
[31Mar2026 00:26:22.055] [main/DEBUG] [mixin/]: Processing prepare() for PlatformAgent[MixinPlatformAgentDefault:net.neoforged.fml.loading.mixin.FMLMixinContainerHandle@333cb916]
[31Mar2026 00:26:22.055] [main/DEBUG] [mixin/]: Processing prepare() for PlatformAgent[FMLMixinPlatformAgent:null]
[31Mar2026 00:26:22.087] [main/DEBUG] [mixin/]: Processing launch tasks for PlatformAgent[MixinPlatformAgentDefault:ModLauncher Root Container(ModLauncher:4f56a0a2)]
[31Mar2026 00:26:22.087] [main/DEBUG] [mixin/]: Adding mixin platform agents for container SecureJarResource(mixin_synthetic)
[31Mar2026 00:26:22.087] [main/DEBUG] [mixin/]: Instancing new MixinPlatformAgentMinecraftForge for SecureJarResource(mixin_synthetic)
[31Mar2026 00:26:22.087] [main/DEBUG] [mixin/]: MixinPlatformAgentMinecraftForge rejected container SecureJarResource(mixin_synthetic)
[31Mar2026 00:26:22.087] [main/DEBUG] [mixin/]: Instancing new MixinPlatformAgentDefault for SecureJarResource(mixin_synthetic)
[31Mar2026 00:26:22.087] [main/DEBUG] [mixin/]: MixinPlatformAgentDefault accepted container SecureJarResource(mixin_synthetic)
[31Mar2026 00:26:22.087] [main/DEBUG] [mixin/]: Instancing new FMLMixinPlatformAgent for SecureJarResource(mixin_synthetic)
[31Mar2026 00:26:22.087] [main/DEBUG] [mixin/]: FMLMixinPlatformAgent rejected container SecureJarResource(mixin_synthetic)
[31Mar2026 00:26:22.087] [main/DEBUG] [mixin/]: Processing prepare() for PlatformAgent[MixinPlatformAgentDefault:SecureJarResource(mixin_synthetic)]
[31Mar2026 00:26:22.087] [main/DEBUG] [mixin/]: Adding mixin platform agents for container SecureJarResource(minecraft)
[31Mar2026 00:26:22.088] [main/DEBUG] [mixin/]: Instancing new MixinPlatformAgentMinecraftForge for SecureJarResource(minecraft)
[31Mar2026 00:26:22.088] [main/DEBUG] [mixin/]: MixinPlatformAgentMinecraftForge rejected container SecureJarResource(minecraft)
[31Mar2026 00:26:22.088] [main/DEBUG] [mixin/]: Instancing new MixinPlatformAgentDefault for SecureJarResource(minecraft)
[31Mar2026 00:26:22.088] [main/DEBUG] [mixin/]: MixinPlatformAgentDefault accepted container SecureJarResource(minecraft)
[31Mar2026 00:26:22.088] [main/DEBUG] [mixin/]: Instancing new FMLMixinPlatformAgent for SecureJarResource(minecraft)
[31Mar2026 00:26:22.088] [main/DEBUG] [mixin/]: FMLMixinPlatformAgent rejected container SecureJarResource(minecraft)
[31Mar2026 00:26:22.088] [main/DEBUG] [mixin/]: Processing prepare() for PlatformAgent[MixinPlatformAgentDefault:SecureJarResource(minecraft)]
[31Mar2026 00:26:22.088] [main/DEBUG] [mixin/]: Adding mixin platform agents for container SecureJarResource(glitchworld)
[31Mar2026 00:26:22.088] [main/DEBUG] [mixin/]: Instancing new MixinPlatformAgentMinecraftForge for SecureJarResource(glitchworld)
[31Mar2026 00:26:22.088] [main/DEBUG] [mixin/]: MixinPlatformAgentMinecraftForge rejected container SecureJarResource(glitchworld)
[31Mar2026 00:26:22.088] [main/DEBUG] [mixin/]: Instancing new MixinPlatformAgentDefault for SecureJarResource(glitchworld)
[31Mar2026 00:26:22.088] [main/DEBUG] [mixin/]: MixinPlatformAgentDefault accepted container SecureJarResource(glitchworld)
[31Mar2026 00:26:22.089] [main/DEBUG] [mixin/]: Instancing new FMLMixinPlatformAgent for SecureJarResource(glitchworld)
[31Mar2026 00:26:22.089] [main/DEBUG] [mixin/]: FMLMixinPlatformAgent rejected container SecureJarResource(glitchworld)
[31Mar2026 00:26:22.089] [main/DEBUG] [mixin/]: Processing prepare() for PlatformAgent[MixinPlatformAgentDefault:SecureJarResource(glitchworld)]
[31Mar2026 00:26:22.089] [main/DEBUG] [mixin/]: Adding mixin platform agents for container SecureJarResource(mixinextras.neoforge)
[31Mar2026 00:26:22.089] [main/DEBUG] [mixin/]: Instancing new MixinPlatformAgentMinecraftForge for SecureJarResource(mixinextras.neoforge)
[31Mar2026 00:26:22.089] [main/DEBUG] [mixin/]: MixinPlatformAgentMinecraftForge rejected container SecureJarResource(mixinextras.neoforge)
[31Mar2026 00:26:22.089] [main/DEBUG] [mixin/]: Instancing new MixinPlatformAgentDefault for SecureJarResource(mixinextras.neoforge)
[31Mar2026 00:26:22.089] [main/DEBUG] [mixin/]: MixinPlatformAgentDefault accepted container SecureJarResource(mixinextras.neoforge)
[31Mar2026 00:26:22.089] [main/DEBUG] [mixin/]: Instancing new FMLMixinPlatformAgent for SecureJarResource(mixinextras.neoforge)
[31Mar2026 00:26:22.089] [main/DEBUG] [mixin/]: FMLMixinPlatformAgent rejected container SecureJarResource(mixinextras.neoforge)
[31Mar2026 00:26:22.089] [main/DEBUG] [mixin/]: Processing prepare() for PlatformAgent[MixinPlatformAgentDefault:SecureJarResource(mixinextras.neoforge)]
[31Mar2026 00:26:22.089] [main/DEBUG] [mixin/]: Registering mixin config: mixinextras.init.mixins.json source=SecureJarResource(mixinextras.neoforge)
[31Mar2026 00:26:22.091] [main/DEBUG] [mixin/]: inject() running with 6 agents
[31Mar2026 00:26:22.091] [main/DEBUG] [mixin/]: Processing inject() for PlatformAgent[MixinPlatformAgentDefault:ModLauncher Root Container(ModLauncher:4f56a0a2)]
[31Mar2026 00:26:22.091] [main/DEBUG] [mixin/]: Processing inject() for PlatformAgent[MixinPlatformAgentDefault:net.neoforged.fml.loading.mixin.FMLMixinContainerHandle@333cb916]
[31Mar2026 00:26:22.091] [main/DEBUG] [mixin/]: Processing inject() for PlatformAgent[FMLMixinPlatformAgent:null]
[31Mar2026 00:26:22.091] [main/DEBUG] [mixin/]: Processing inject() for PlatformAgent[MixinPlatformAgentDefault:SecureJarResource(mixin_synthetic)]
[31Mar2026 00:26:22.091] [main/DEBUG] [mixin/]: Processing inject() for PlatformAgent[MixinPlatformAgentDefault:SecureJarResource(minecraft)]
[31Mar2026 00:26:22.091] [main/DEBUG] [mixin/]: Processing inject() for PlatformAgent[MixinPlatformAgentDefault:SecureJarResource(glitchworld)]
[31Mar2026 00:26:22.091] [main/DEBUG] [mixin/]: Processing inject() for PlatformAgent[MixinPlatformAgentDefault:SecureJarResource(mixinextras.neoforge)]
[31Mar2026 00:26:22.092] [main/INFO] [cpw.mods.modlauncher.LaunchServiceHandler/MODLAUNCHER]: Launching target 'forgeclientdev' with arguments [--version, 21.1.219, --gameDir, ., --assetsDir, /home/john/.gradle/caches/neoformruntime/assets, --assetIndex, 17]
[31Mar2026 00:26:22.119] [main/DEBUG] [mixin/]: Preparing mixins for MixinEnvironment[DEFAULT]
[31Mar2026 00:26:22.119] [main/DEBUG] [mixin/]: Selecting config neoforge.mixins.json
[31Mar2026 00:26:22.122] [main/DEBUG] [mixin/]: Selecting config mixinextras.init.mixins.json
[31Mar2026 00:26:22.166] [main/DEBUG] [MixinExtras|Service/]: com.llamalad7.mixinextras.service.MixinExtrasServiceImpl(version=0.5.0) is taking over from null
[31Mar2026 00:26:22.193] [main/DEBUG] [mixin/]: Registering new injector for @Inject with org.spongepowered.asm.mixin.injection.struct.CallbackInjectionInfo
[31Mar2026 00:26:22.195] [main/DEBUG] [mixin/]: Registering new injector for @ModifyArg with org.spongepowered.asm.mixin.injection.struct.ModifyArgInjectionInfo
[31Mar2026 00:26:22.196] [main/DEBUG] [mixin/]: Registering new injector for @ModifyArgs with org.spongepowered.asm.mixin.injection.struct.ModifyArgsInjectionInfo
[31Mar2026 00:26:22.197] [main/DEBUG] [mixin/]: Registering new injector for @Redirect with org.spongepowered.asm.mixin.injection.struct.RedirectInjectionInfo
[31Mar2026 00:26:22.198] [main/DEBUG] [mixin/]: Registering new injector for @ModifyVariable with org.spongepowered.asm.mixin.injection.struct.ModifyVariableInjectionInfo
[31Mar2026 00:26:22.199] [main/DEBUG] [mixin/]: Registering new injector for @ModifyConstant with org.spongepowered.asm.mixin.injection.struct.ModifyConstantInjectionInfo
[31Mar2026 00:26:22.210] [main/DEBUG] [mixin/]: Preparing neoforge.mixins.json (2)
[31Mar2026 00:26:22.250] [main/DEBUG] [mixin/]: Preparing mixinextras.init.mixins.json (0)
[31Mar2026 00:26:22.394] [main/DEBUG] [io.netty.util.internal.logging.InternalLoggerFactory/]: Using SLF4J as the default logging framework
[31Mar2026 00:26:22.397] [main/DEBUG] [io.netty.util.ResourceLeakDetector/]: -Dio.netty.leakDetection.level: simple
[31Mar2026 00:26:22.397] [main/DEBUG] [io.netty.util.ResourceLeakDetector/]: -Dio.netty.leakDetection.targetRecords: 4
[31Mar2026 00:26:23.060] [main/DEBUG] [oshi.util.FileUtil/]: No oshi.properties file found from ClassLoader cpw.mods.modlauncher.TransformingClassLoader@2a1debfa
[31Mar2026 00:26:23.100] [main/DEBUG] [oshi.util.FileUtil/]: Reading file /proc/self/auxv
[31Mar2026 00:26:23.100] [main/DEBUG] [oshi.util.FileUtil/]: Reading file /proc/self/auxv
[31Mar2026 00:26:23.103] [main/DEBUG] [oshi.util.FileUtil/]: Reading file /proc/stat
[31Mar2026 00:26:23.109] [main/DEBUG] [oshi.util.FileUtil/]: Reading file /sys/devices/system/cpu/cpu0/topology/core_id
[31Mar2026 00:26:23.109] [main/DEBUG] [oshi.util.FileUtil/]: Reading file /sys/devices/system/cpu/cpu0/topology/core_id
[31Mar2026 00:26:23.109] [main/DEBUG] [oshi.util.FileUtil/]: Reading file /sys/devices/system/cpu/cpu0/topology/physical_package_id
[31Mar2026 00:26:23.110] [main/DEBUG] [oshi.util.FileUtil/]: Reading file /sys/devices/system/cpu/cpu0/topology/physical_package_id
[31Mar2026 00:26:23.110] [main/DEBUG] [oshi.util.FileUtil/]: Reading file /sys/devices/system/cpu/cpu0/cpu_capacity
[31Mar2026 00:26:23.110] [main/DEBUG] [oshi.util.FileUtil/]: Reading file /sys/devices/system/cpu/cpu0/cpu_capacity
[31Mar2026 00:26:23.111] [main/DEBUG] [oshi.util.FileUtil/]: Reading file /sys/devices/system/cpu/cpu0/cache/index2/level
[31Mar2026 00:26:23.111] [main/DEBUG] [oshi.util.FileUtil/]: Reading file /sys/devices/system/cpu/cpu0/cache/index2/level
[31Mar2026 00:26:23.111] [main/DEBUG] [oshi.util.FileUtil/]: Reading file /sys/devices/system/cpu/cpu0/cache/index2/type
[31Mar2026 00:26:23.112] [main/DEBUG] [oshi.util.FileUtil/]: Reading file /sys/devices/system/cpu/cpu0/cache/index2/type
[31Mar2026 00:26:23.112] [main/DEBUG] [oshi.util.FileUtil/]: Reading file /sys/devices/system/cpu/cpu0/cache/index2/ways_of_associativity
[31Mar2026 00:26:23.112] [main/DEBUG] [oshi.util.FileUtil/]: Reading file /sys/devices/system/cpu/cpu0/cache/index2/ways_of_associativity
[31Mar2026 00:26:23.112] [main/DEBUG] [oshi.util.FileUtil/]: Reading file /sys/devices/system/cpu/cpu0/cache/index2/coherency_line_size
[31Mar2026 00:26:23.112] [main/DEBUG] [oshi.util.FileUtil/]: Reading file /sys/devices/system/cpu/cpu0/cache/index2/coherency_line_size
[31Mar2026 00:26:23.112] [main/DEBUG] [oshi.util.FileUtil/]: Reading file /sys/devices/system/cpu/cpu0/cache/index2/size
[31Mar2026 00:26:23.112] [main/DEBUG] [oshi.util.FileUtil/]: Reading file /sys/devices/system/cpu/cpu0/cache/index2/size
[31Mar2026 00:26:23.113] [main/DEBUG] [oshi.util.FileUtil/]: Reading file /sys/devices/system/cpu/cpu0/cache/index0/level
[31Mar2026 00:26:23.113] [main/DEBUG] [oshi.util.FileUtil/]: Reading file /sys/devices/system/cpu/cpu0/cache/index0/level
[31Mar2026 00:26:23.113] [main/DEBUG] [oshi.util.FileUtil/]: Reading file /sys/devices/system/cpu/cpu0/cache/index0/type
[31Mar2026 00:26:23.113] [main/DEBUG] [oshi.util.FileUtil/]: Reading file /sys/devices/system/cpu/cpu0/cache/index0/type
[31Mar2026 00:26:23.113] [main/DEBUG] [oshi.util.FileUtil/]: Reading file /sys/devices/system/cpu/cpu0/cache/index0/ways_of_associativity
[31Mar2026 00:26:23.113] [main/DEBUG] [oshi.util.FileUtil/]: Reading file /sys/devices/system/cpu/cpu0/cache/index0/ways_of_associativity
[31Mar2026 00:26:23.113] [main/DEBUG] [oshi.util.FileUtil/]: Reading file /sys/devices/system/cpu/cpu0/cache/index0/coherency_line_size
[31Mar2026 00:26:23.113] [main/DEBUG] [oshi.util.FileUtil/]: Reading file /sys/devices/system/cpu/cpu0/cache/index0/coherency_line_size
[31Mar2026 00:26:23.113] [main/DEBUG] [oshi.util.FileUtil/]: Reading file /sys/devices/system/cpu/cpu0/cache/index0/size
[31Mar2026 00:26:23.113] [main/DEBUG] [oshi.util.FileUtil/]: Reading file /sys/devices/system/cpu/cpu0/cache/index0/size
[31Mar2026 00:26:23.113] [main/DEBUG] [oshi.util.FileUtil/]: Reading file /sys/devices/system/cpu/cpu0/cache/index3/level
[31Mar2026 00:26:23.113] [main/DEBUG] [oshi.util.FileUtil/]: Reading file /sys/devices/system/cpu/cpu0/cache/index3/level
[31Mar2026 00:26:23.114] [main/DEBUG] [oshi.util.FileUtil/]: Reading file /sys/devices/system/cpu/cpu0/cache/index3/type
[31Mar2026 00:26:23.114] [main/DEBUG] [oshi.util.FileUtil/]: Reading file /sys/devices/system/cpu/cpu0/cache/index3/type
[31Mar2026 00:26:23.114] [main/DEBUG] [oshi.util.FileUtil/]: Reading file /sys/devices/system/cpu/cpu0/cache/index3/ways_of_associativity
[31Mar2026 00:26:23.114] [main/DEBUG] [oshi.util.FileUtil/]: Reading file /sys/devices/system/cpu/cpu0/cache/index3/ways_of_associativity
[31Mar2026 00:26:23.114] [main/DEBUG] [oshi.util.FileUtil/]: Reading file /sys/devices/system/cpu/cpu0/cache/index3/coherency_line_size
[31Mar2026 00:26:23.114] [main/DEBUG] [oshi.util.FileUtil/]: Reading file /sys/devices/system/cpu/cpu0/cache/index3/coherency_line_size
[31Mar2026 00:26:23.114] [main/DEBUG] [oshi.util.FileUtil/]: Reading file /sys/devices/system/cpu/cpu0/cache/index3/size
[31Mar2026 00:26:23.114] [main/DEBUG] [oshi.util.FileUtil/]: Reading file /sys/devices/system/cpu/cpu0/cache/index3/size
[31Mar2026 00:26:23.114] [main/DEBUG] [oshi.util.FileUtil/]: Reading file /sys/devices/system/cpu/cpu0/cache/index1/level
[31Mar2026 00:26:23.114] [main/DEBUG] [oshi.util.FileUtil/]: Reading file /sys/devices/system/cpu/cpu0/cache/index1/level
[31Mar2026 00:26:23.114] [main/DEBUG] [oshi.util.FileUtil/]: Reading file /sys/devices/system/cpu/cpu0/cache/index1/type
[31Mar2026 00:26:23.114] [main/DEBUG] [oshi.util.FileUtil/]: Reading file /sys/devices/system/cpu/cpu0/cache/index1/type
[31Mar2026 00:26:23.114] [main/DEBUG] [oshi.util.FileUtil/]: Reading file /sys/devices/system/cpu/cpu0/cache/index1/ways_of_associativity
[31Mar2026 00:26:23.114] [main/DEBUG] [oshi.util.FileUtil/]: Reading file /sys/devices/system/cpu/cpu0/cache/index1/ways_of_associativity
[31Mar2026 00:26:23.114] [main/DEBUG] [oshi.util.FileUtil/]: Reading file /sys/devices/system/cpu/cpu0/cache/index1/coherency_line_size
[31Mar2026 00:26:23.114] [main/DEBUG] [oshi.util.FileUtil/]: Reading file /sys/devices/system/cpu/cpu0/cache/index1/coherency_line_size
[31Mar2026 00:26:23.114] [main/DEBUG] [oshi.util.FileUtil/]: Reading file /sys/devices/system/cpu/cpu0/cache/index1/size
[31Mar2026 00:26:23.114] [main/DEBUG] [oshi.util.FileUtil/]: Reading file /sys/devices/system/cpu/cpu0/cache/index1/size
[31Mar2026 00:26:23.115] [main/DEBUG] [oshi.util.FileUtil/]: Reading file /sys/devices/system/cpu/cpu1/topology/core_id
[31Mar2026 00:26:23.115] [main/DEBUG] [oshi.util.FileUtil/]: Reading file /sys/devices/system/cpu/cpu1/topology/core_id
[31Mar2026 00:26:23.115] [main/DEBUG] [oshi.util.FileUtil/]: Reading file /sys/devices/system/cpu/cpu1/topology/physical_package_id
[31Mar2026 00:26:23.115] [main/DEBUG] [oshi.util.FileUtil/]: Reading file /sys/devices/system/cpu/cpu1/topology/physical_package_id
[31Mar2026 00:26:23.115] [main/DEBUG] [oshi.util.FileUtil/]: Reading file /sys/devices/system/cpu/cpu1/cpu_capacity
[31Mar2026 00:26:23.115] [main/DEBUG] [oshi.util.FileUtil/]: Reading file /sys/devices/system/cpu/cpu1/cpu_capacity
[31Mar2026 00:26:23.116] [main/DEBUG] [oshi.util.FileUtil/]: Reading file /sys/devices/system/cpu/cpu1/cache/index2/level
[31Mar2026 00:26:23.116] [main/DEBUG] [oshi.util.FileUtil/]: Reading file /sys/devices/system/cpu/cpu1/cache/index2/level
[31Mar2026 00:26:23.116] [main/DEBUG] [oshi.util.FileUtil/]: Reading file /sys/devices/system/cpu/cpu1/cache/index2/type
[31Mar2026 00:26:23.116] [main/DEBUG] [oshi.util.FileUtil/]: Reading file /sys/devices/system/cpu/cpu1/cache/index2/type
[31Mar2026 00:26:23.116] [main/DEBUG] [oshi.util.FileUtil/]: Reading file /sys/devices/system/cpu/cpu1/cache/index2/ways_of_associativity
[31Mar2026 00:26:23.116] [main/DEBUG] [oshi.util.FileUtil/]: Reading file /sys/devices/system/cpu/cpu1/cache/index2/ways_of_associativity
[31Mar2026 00:26:23.116] [main/DEBUG] [oshi.util.FileUtil/]: Reading file /sys/devices/system/cpu/cpu1/cache/index2/coherency_line_size
[31Mar2026 00:26:23.116] [main/DEBUG] [oshi.util.FileUtil/]: Reading file /sys/devices/system/cpu/cpu1/cache/index2/coherency_line_size
[31Mar2026 00:26:23.116] [main/DEBUG] [oshi.util.FileUtil/]: Reading file /sys/devices/system/cpu/cpu1/cache/index2/size
[31Mar2026 00:26:23.116] [main/DEBUG] [oshi.util.FileUtil/]: Reading file /sys/devices/system/cpu/cpu1/cache/index2/size
[31Mar2026 00:26:23.116] [main/DEBUG] [oshi.util.FileUtil/]: Reading file /sys/devices/system/cpu/cpu1/cache/index0/level
[31Mar2026 00:26:23.116] [main/DEBUG] [oshi.util.FileUtil/]: Reading file /sys/devices/system/cpu/cpu1/cache/index0/level
[31Mar2026 00:26:23.116] [main/DEBUG] [oshi.util.FileUtil/]: Reading file /sys/devices/system/cpu/cpu1/cache/index0/type
[31Mar2026 00:26:23.116] [main/DEBUG] [oshi.util.FileUtil/]: Reading file /sys/devices/system/cpu/cpu1/cache/index0/type
[31Mar2026 00:26:23.116] [main/DEBUG] [oshi.util.FileUtil/]: Reading file /sys/devices/system/cpu/cpu1/cache/index0/ways_of_associativity
[31Mar2026 00:26:23.116] [main/DEBUG] [oshi.util.FileUtil/]: Reading file /sys/devices/system/cpu/cpu1/cache/index0/ways_of_associativity
[31Mar2026 00:26:23.117] [main/DEBUG] [oshi.util.FileUtil/]: Reading file /sys/devices/system/cpu/cpu1/cache/index0/coherency_line_size
[31Mar2026 00:26:23.117] [main/DEBUG] [oshi.util.FileUtil/]: Reading file /sys/devices/system/cpu/cpu1/cache/index0/coherency_line_size
[31Mar2026 00:26:23.117] [main/DEBUG] [oshi.util.FileUtil/]: Reading file /sys/devices/system/cpu/cpu1/cache/index0/size
[31Mar2026 00:26:23.117] [main/DEBUG] [oshi.util.FileUtil/]: Reading file /sys/devices/system/cpu/cpu1/cache/index0/size
[31Mar2026 00:26:23.117] [main/DEBUG] [oshi.util.FileUtil/]: Reading file /sys/devices/system/cpu/cpu1/cache/index3/level
[31Mar2026 00:26:23.117] [main/DEBUG] [oshi.util.FileUtil/]: Reading file /sys/devices/system/cpu/cpu1/cache/index3/level
[31Mar2026 00:26:23.117] [main/DEBUG] [oshi.util.FileUtil/]: Reading file /sys/devices/system/cpu/cpu1/cache/index3/type
[31Mar2026 00:26:23.117] [main/DEBUG] [oshi.util.FileUtil/]: Reading file /sys/devices/system/cpu/cpu1/cache/index3/type
[31Mar2026 00:26:23.117] [main/DEBUG] [oshi.util.FileUtil/]: Reading file /sys/devices/system/cpu/cpu1/cache/index3/ways_of_associativity
[31Mar2026 00:26:23.117] [main/DEBUG] [oshi.util.FileUtil/]: Reading file /sys/devices/system/cpu/cpu1/cache/index3/ways_of_associativity
[31Mar2026 00:26:23.117] [main/DEBUG] [oshi.util.FileUtil/]: Reading file /sys/devices/system/cpu/cpu1/cache/index3/coherency_line_size
[31Mar2026 00:26:23.117] [main/DEBUG] [oshi.util.FileUtil/]: Reading file /sys/devices/system/cpu/cpu1/cache/index3/coherency_line_size
[31Mar2026 00:26:23.117] [main/DEBUG] [oshi.util.FileUtil/]: Reading file /sys/devices/system/cpu/cpu1/cache/index3/size
[31Mar2026 00:26:23.117] [main/DEBUG] [oshi.util.FileUtil/]: Reading file /sys/devices/system/cpu/cpu1/cache/index3/size
[31Mar2026 00:26:23.118] [main/DEBUG] [oshi.util.FileUtil/]: Reading file /sys/devices/system/cpu/cpu1/cache/index1/level
[31Mar2026 00:26:23.118] [main/DEBUG] [oshi.util.FileUtil/]: Reading file /sys/devices/system/cpu/cpu1/cache/index1/level
[31Mar2026 00:26:23.118] [main/DEBUG] [oshi.util.FileUtil/]: Reading file /sys/devices/system/cpu/cpu1/cache/index1/type
[31Mar2026 00:26:23.118] [main/DEBUG] [oshi.util.FileUtil/]: Reading file /sys/devices/system/cpu/cpu1/cache/index1/type
[31Mar2026 00:26:23.118] [main/DEBUG] [oshi.util.FileUtil/]: Reading file /sys/devices/system/cpu/cpu1/cache/index1/ways_of_associativity
[31Mar2026 00:26:23.118] [main/DEBUG] [oshi.util.FileUtil/]: Reading file /sys/devices/system/cpu/cpu1/cache/index1/ways_of_associativity
[31Mar2026 00:26:23.118] [main/DEBUG] [oshi.util.FileUtil/]: Reading file /sys/devices/system/cpu/cpu1/cache/index1/coherency_line_size
[31Mar2026 00:26:23.118] [main/DEBUG] [oshi.util.FileUtil/]: Reading file /sys/devices/system/cpu/cpu1/cache/index1/coherency_line_size
[31Mar2026 00:26:23.118] [main/DEBUG] [oshi.util.FileUtil/]: Reading file /sys/devices/system/cpu/cpu1/cache/index1/size
[31Mar2026 00:26:23.118] [main/DEBUG] [oshi.util.FileUtil/]: Reading file /sys/devices/system/cpu/cpu1/cache/index1/size
[31Mar2026 00:26:23.119] [main/DEBUG] [oshi.util.FileUtil/]: Reading file /sys/devices/system/cpu/cpu10/topology/core_id
[31Mar2026 00:26:23.119] [main/DEBUG] [oshi.util.FileUtil/]: Reading file /sys/devices/system/cpu/cpu10/topology/core_id
[31Mar2026 00:26:23.119] [main/DEBUG] [oshi.util.FileUtil/]: Reading file /sys/devices/system/cpu/cpu10/topology/physical_package_id
[31Mar2026 00:26:23.119] [main/DEBUG] [oshi.util.FileUtil/]: Reading file /sys/devices/system/cpu/cpu10/topology/physical_package_id
[31Mar2026 00:26:23.119] [main/DEBUG] [oshi.util.FileUtil/]: Reading file /sys/devices/system/cpu/cpu10/cpu_capacity
[31Mar2026 00:26:23.120] [main/DEBUG] [oshi.util.FileUtil/]: Reading file /sys/devices/system/cpu/cpu10/cpu_capacity
[31Mar2026 00:26:23.120] [main/DEBUG] [oshi.util.FileUtil/]: Reading file /sys/devices/system/cpu/cpu10/cache/index2/level
[31Mar2026 00:26:23.120] [main/DEBUG] [oshi.util.FileUtil/]: Reading file /sys/devices/system/cpu/cpu10/cache/index2/level
[31Mar2026 00:26:23.120] [main/DEBUG] [oshi.util.FileUtil/]: Reading file /sys/devices/system/cpu/cpu10/cache/index2/type
[31Mar2026 00:26:23.120] [main/DEBUG] [oshi.util.FileUtil/]: Reading file /sys/devices/system/cpu/cpu10/cache/index2/type
[31Mar2026 00:26:23.120] [main/DEBUG] [oshi.util.FileUtil/]: Reading file /sys/devices/system/cpu/cpu10/cache/index2/ways_of_associativity
[31Mar2026 00:26:23.120] [main/DEBUG] [oshi.util.FileUtil/]: Reading file /sys/devices/system/cpu/cpu10/cache/index2/ways_of_associativity
[31Mar2026 00:26:23.120] [main/DEBUG] [oshi.util.FileUtil/]: Reading file /sys/devices/system/cpu/cpu10/cache/index2/coherency_line_size
[31Mar2026 00:26:23.120] [main/DEBUG] [oshi.util.FileUtil/]: Reading file /sys/devices/system/cpu/cpu10/cache/index2/coherency_line_size
[31Mar2026 00:26:23.120] [main/DEBUG] [oshi.util.FileUtil/]: Reading file /sys/devices/system/cpu/cpu10/cache/index2/size
[31Mar2026 00:26:23.120] [main/DEBUG] [oshi.util.FileUtil/]: Reading file /sys/devices/system/cpu/cpu10/cache/index2/size
[31Mar2026 00:26:23.121] [main/DEBUG] [oshi.util.FileUtil/]: Reading file /sys/devices/system/cpu/cpu10/cache/index0/level
[31Mar2026 00:26:23.121] [main/DEBUG] [oshi.util.FileUtil/]: Reading file /sys/devices/system/cpu/cpu10/cache/index0/level
[31Mar2026 00:26:23.121] [main/DEBUG] [oshi.util.FileUtil/]: Reading file /sys/devices/system/cpu/cpu10/cache/index0/type
[31Mar2026 00:26:23.121] [main/DEBUG] [oshi.util.FileUtil/]: Reading file /sys/devices/system/cpu/cpu10/cache/index0/type
[31Mar2026 00:26:23.121] [main/DEBUG] [oshi.util.FileUtil/]: Reading file /sys/devices/system/cpu/cpu10/cache/index0/ways_of_associativity
[31Mar2026 00:26:23.121] [main/DEBUG] [oshi.util.FileUtil/]: Reading file /sys/devices/system/cpu/cpu10/cache/index0/ways_of_associativity
[31Mar2026 00:26:23.121] [main/DEBUG] [oshi.util.FileUtil/]: Reading file /sys/devices/system/cpu/cpu10/cache/index0/coherency_line_size
[31Mar2026 00:26:23.121] [main/DEBUG] [oshi.util.FileUtil/]: Reading file /sys/devices/system/cpu/cpu10/cache/index0/coherency_line_size
[31Mar2026 00:26:23.121] [main/DEBUG] [oshi.util.FileUtil/]: Reading file /sys/devices/system/cpu/cpu10/cache/index0/size
[31Mar2026 00:26:23.121] [main/DEBUG] [oshi.util.FileUtil/]: Reading file /sys/devices/system/cpu/cpu10/cache/index0/size
[31Mar2026 00:26:23.121] [main/DEBUG] [oshi.util.FileUtil/]: Reading file /sys/devices/system/cpu/cpu10/cache/index3/level
[31Mar2026 00:26:23.121] [main/DEBUG] [oshi.util.FileUtil/]: Reading file /sys/devices/system/cpu/cpu10/cache/index3/level
[31Mar2026 00:26:23.121] [main/DEBUG] [oshi.util.FileUtil/]: Reading file /sys/devices/system/cpu/cpu10/cache/index3/type
[31Mar2026 00:26:23.121] [main/DEBUG] [oshi.util.FileUtil/]: Reading file /sys/devices/system/cpu/cpu10/cache/index3/type
[31Mar2026 00:26:23.121] [main/DEBUG] [oshi.util.FileUtil/]: Reading file /sys/devices/system/cpu/cpu10/cache/index3/ways_of_associativity
[31Mar2026 00:26:23.121] [main/DEBUG] [oshi.util.FileUtil/]: Reading file /sys/devices/system/cpu/cpu10/cache/index3/ways_of_associativity
[31Mar2026 00:26:23.121] [main/DEBUG] [oshi.util.FileUtil/]: Reading file /sys/devices/system/cpu/cpu10/cache/index3/coherency_line_size
[31Mar2026 00:26:23.121] [main/DEBUG] [oshi.util.FileUtil/]: Reading file /sys/devices/system/cpu/cpu10/cache/index3/coherency_line_size
[31Mar2026 00:26:23.122] [main/DEBUG] [oshi.util.FileUtil/]: Reading file /sys/devices/system/cpu/cpu10/cache/index3/size
[31Mar2026 00:26:23.122] [main/DEBUG] [oshi.util.FileUtil/]: Reading file /sys/devices/system/cpu/cpu10/cache/index3/size
[31Mar2026 00:26:23.122] [main/DEBUG] [oshi.util.FileUtil/]: Reading file /sys/devices/system/cpu/cpu10/cache/index1/level
[31Mar2026 00:26:23.122] [main/DEBUG] [oshi.util.FileUtil/]: Reading file /sys/devices/system/cpu/cpu10/cache/index1/level
[31Mar2026 00:26:23.122] [main/DEBUG] [oshi.util.FileUtil/]: Reading file /sys/devices/system/cpu/cpu10/cache/index1/type
[31Mar2026 00:26:23.122] [main/DEBUG] [oshi.util.FileUtil/]: Reading file /sys/devices/system/cpu/cpu10/cache/index1/type
[31Mar2026 00:26:23.122] [main/DEBUG] [oshi.util.FileUtil/]: Reading file /sys/devices/system/cpu/cpu10/cache/index1/ways_of_associativity
[31Mar2026 00:26:23.122] [main/DEBUG] [oshi.util.FileUtil/]: Reading file /sys/devices/system/cpu/cpu10/cache/index1/ways_of_associativity
[31Mar2026 00:26:23.122] [main/DEBUG] [oshi.util.FileUtil/]: Reading file /sys/devices/system/cpu/cpu10/cache/index1/coherency_line_size
[31Mar2026 00:26:23.122] [main/DEBUG] [oshi.util.FileUtil/]: Reading file /sys/devices/system/cpu/cpu10/cache/index1/coherency_line_size
[31Mar2026 00:26:23.122] [main/DEBUG] [oshi.util.FileUtil/]: Reading file /sys/devices/system/cpu/cpu10/cache/index1/size
[31Mar2026 00:26:23.122] [main/DEBUG] [oshi.util.FileUtil/]: Reading file /sys/devices/system/cpu/cpu10/cache/index1/size
[31Mar2026 00:26:23.123] [main/DEBUG] [oshi.util.FileUtil/]: Reading file /sys/devices/system/cpu/cpu11/topology/core_id
[31Mar2026 00:26:23.123] [main/DEBUG] [oshi.util.FileUtil/]: Reading file /sys/devices/system/cpu/cpu11/topology/core_id
[31Mar2026 00:26:23.123] [main/DEBUG] [oshi.util.FileUtil/]: Reading file /sys/devices/system/cpu/cpu11/topology/physical_package_id
[31Mar2026 00:26:23.123] [main/DEBUG] [oshi.util.FileUtil/]: Reading file /sys/devices/system/cpu/cpu11/topology/physical_package_id
[31Mar2026 00:26:23.123] [main/DEBUG] [oshi.util.FileUtil/]: Reading file /sys/devices/system/cpu/cpu11/cpu_capacity
[31Mar2026 00:26:23.123] [main/DEBUG] [oshi.util.FileUtil/]: Reading file /sys/devices/system/cpu/cpu11/cpu_capacity
[31Mar2026 00:26:23.123] [main/DEBUG] [oshi.util.FileUtil/]: Reading file /sys/devices/system/cpu/cpu11/cache/index2/level
[31Mar2026 00:26:23.123] [main/DEBUG] [oshi.util.FileUtil/]: Reading file /sys/devices/system/cpu/cpu11/cache/index2/level
[31Mar2026 00:26:23.123] [main/DEBUG] [oshi.util.FileUtil/]: Reading file /sys/devices/system/cpu/cpu11/cache/index2/type
[31Mar2026 00:26:23.123] [main/DEBUG] [oshi.util.FileUtil/]: Reading file /sys/devices/system/cpu/cpu11/cache/index2/type
[31Mar2026 00:26:23.123] [main/DEBUG] [oshi.util.FileUtil/]: Reading file /sys/devices/system/cpu/cpu11/cache/index2/ways_of_associativity
[31Mar2026 00:26:23.123] [main/DEBUG] [oshi.util.FileUtil/]: Reading file /sys/devices/system/cpu/cpu11/cache/index2/ways_of_associativity
[31Mar2026 00:26:23.124] [main/DEBUG] [oshi.util.FileUtil/]: Reading file /sys/devices/system/cpu/cpu11/cache/index2/coherency_line_size
[31Mar2026 00:26:23.124] [main/DEBUG] [oshi.util.FileUtil/]: Reading file /sys/devices/system/cpu/cpu11/cache/index2/coherency_line_size
[31Mar2026 00:26:23.124] [main/DEBUG] [oshi.util.FileUtil/]: Reading file /sys/devices/system/cpu/cpu11/cache/index2/size
[31Mar2026 00:26:23.124] [main/DEBUG] [oshi.util.FileUtil/]: Reading file /sys/devices/system/cpu/cpu11/cache/index2/size
[31Mar2026 00:26:23.124] [main/DEBUG] [oshi.util.FileUtil/]: Reading file /sys/devices/system/cpu/cpu11/cache/index0/level
[31Mar2026 00:26:23.124] [main/DEBUG] [oshi.util.FileUtil/]: Reading file /sys/devices/system/cpu/cpu11/cache/index0/level
[31Mar2026 00:26:23.124] [main/DEBUG] [oshi.util.FileUtil/]: Reading file /sys/devices/system/cpu/cpu11/cache/index0/type
[31Mar2026 00:26:23.124] [main/DEBUG] [oshi.util.FileUtil/]: Reading file /sys/devices/system/cpu/cpu11/cache/index0/type
[31Mar2026 00:26:23.124] [main/DEBUG] [oshi.util.FileUtil/]: Reading file /sys/devices/system/cpu/cpu11/cache/index0/ways_of_associativity
[31Mar2026 00:26:23.124] [main/DEBUG] [oshi.util.FileUtil/]: Reading file /sys/devices/system/cpu/cpu11/cache/index0/ways_of_associativity
[31Mar2026 00:26:23.124] [main/DEBUG] [oshi.util.FileUtil/]: Reading file /sys/devices/system/cpu/cpu11/cache/index0/coherency_line_size
[31Mar2026 00:26:23.124] [main/DEBUG] [oshi.util.FileUtil/]: Reading file /sys/devices/system/cpu/cpu11/cache/index0/coherency_line_size
[31Mar2026 00:26:23.124] [main/DEBUG] [oshi.util.FileUtil/]: Reading file /sys/devices/system/cpu/cpu11/cache/index0/size
[31Mar2026 00:26:23.124] [main/DEBUG] [oshi.util.FileUtil/]: Reading file /sys/devices/system/cpu/cpu11/cache/index0/size
[31Mar2026 00:26:23.124] [main/DEBUG] [oshi.util.FileUtil/]: Reading file /sys/devices/system/cpu/cpu11/cache/index3/level
[31Mar2026 00:26:23.124] [main/DEBUG] [oshi.util.FileUtil/]: Reading file /sys/devices/system/cpu/cpu11/cache/index3/level
[31Mar2026 00:26:23.124] [main/DEBUG] [oshi.util.FileUtil/]: Reading file /sys/devices/system/cpu/cpu11/cache/index3/type
[31Mar2026 00:26:23.124] [main/DEBUG] [oshi.util.FileUtil/]: Reading file /sys/devices/system/cpu/cpu11/cache/index3/type
[31Mar2026 00:26:23.124] [main/DEBUG] [oshi.util.FileUtil/]: Reading file /sys/devices/system/cpu/cpu11/cache/index3/ways_of_associativity
[31Mar2026 00:26:23.124] [main/DEBUG] [oshi.util.FileUtil/]: Reading file /sys/devices/system/cpu/cpu11/cache/index3/ways_of_associativity
[31Mar2026 00:26:23.124] [main/DEBUG] [oshi.util.FileUtil/]: Reading file /sys/devices/system/cpu/cpu11/cache/index3/coherency_line_size
[31Mar2026 00:26:23.125] [main/DEBUG] [oshi.util.FileUtil/]: Reading file /sys/devices/system/cpu/cpu11/cache/index3/coherency_line_size
[31Mar2026 00:26:23.125] [main/DEBUG] [oshi.util.FileUtil/]: Reading file /sys/devices/system/cpu/cpu11/cache/index3/size
[31Mar2026 00:26:23.125] [main/DEBUG] [oshi.util.FileUtil/]: Reading file /sys/devices/system/cpu/cpu11/cache/index3/size
[31Mar2026 00:26:23.125] [main/DEBUG] [oshi.util.FileUtil/]: Reading file /sys/devices/system/cpu/cpu11/cache/index1/level
[31Mar2026 00:26:23.125] [main/DEBUG] [oshi.util.FileUtil/]: Reading file /sys/devices/system/cpu/cpu11/cache/index1/level
[31Mar2026 00:26:23.125] [main/DEBUG] [oshi.util.FileUtil/]: Reading file /sys/devices/system/cpu/cpu11/cache/index1/type
[31Mar2026 00:26:23.125] [main/DEBUG] [oshi.util.FileUtil/]: Reading file /sys/devices/system/cpu/cpu11/cache/index1/type
[31Mar2026 00:26:23.125] [main/DEBUG] [oshi.util.FileUtil/]: Reading file /sys/devices/system/cpu/cpu11/cache/index1/ways_of_associativity
[31Mar2026 00:26:23.125] [main/DEBUG] [oshi.util.FileUtil/]: Reading file /sys/devices/system/cpu/cpu11/cache/index1/ways_of_associativity
[31Mar2026 00:26:23.125] [main/DEBUG] [oshi.util.FileUtil/]: Reading file /sys/devices/system/cpu/cpu11/cache/index1/coherency_line_size
[31Mar2026 00:26:23.125] [main/DEBUG] [oshi.util.FileUtil/]: Reading file /sys/devices/system/cpu/cpu11/cache/index1/coherency_line_size
[31Mar2026 00:26:23.125] [main/DEBUG] [oshi.util.FileUtil/]: Reading file /sys/devices/system/cpu/cpu11/cache/index1/size
[31Mar2026 00:26:23.125] [main/DEBUG] [oshi.util.FileUtil/]: Reading file /sys/devices/system/cpu/cpu11/cache/index1/size
[31Mar2026 00:26:23.125] [main/DEBUG] [oshi.util.FileUtil/]: Reading file /sys/devices/system/cpu/cpu12/topology/core_id
[31Mar2026 00:26:23.125] [main/DEBUG] [oshi.util.FileUtil/]: Reading file /sys/devices/system/cpu/cpu12/topology/core_id
[31Mar2026 00:26:23.125] [main/DEBUG] [oshi.util.FileUtil/]: Reading file /sys/devices/system/cpu/cpu12/topology/physical_package_id
[31Mar2026 00:26:23.125] [main/DEBUG] [oshi.util.FileUtil/]: Reading file /sys/devices/system/cpu/cpu12/topology/physical_package_id
[31Mar2026 00:26:23.125] [main/DEBUG] [oshi.util.FileUtil/]: Reading file /sys/devices/system/cpu/cpu12/cpu_capacity
[31Mar2026 00:26:23.125] [main/DEBUG] [oshi.util.FileUtil/]: Reading file /sys/devices/system/cpu/cpu12/cpu_capacity
[31Mar2026 00:26:23.126] [main/DEBUG] [oshi.util.FileUtil/]: Reading file /sys/devices/system/cpu/cpu12/cache/index2/level
[31Mar2026 00:26:23.126] [main/DEBUG] [oshi.util.FileUtil/]: Reading file /sys/devices/system/cpu/cpu12/cache/index2/level
[31Mar2026 00:26:23.126] [main/DEBUG] [oshi.util.FileUtil/]: Reading file /sys/devices/system/cpu/cpu12/cache/index2/type
[31Mar2026 00:26:23.126] [main/DEBUG] [oshi.util.FileUtil/]: Reading file /sys/devices/system/cpu/cpu12/cache/index2/type
[31Mar2026 00:26:23.126] [main/DEBUG] [oshi.util.FileUtil/]: Reading file /sys/devices/system/cpu/cpu12/cache/index2/ways_of_associativity
[31Mar2026 00:26:23.126] [main/DEBUG] [oshi.util.FileUtil/]: Reading file /sys/devices/system/cpu/cpu12/cache/index2/ways_of_associativity
[31Mar2026 00:26:23.126] [main/DEBUG] [oshi.util.FileUtil/]: Reading file /sys/devices/system/cpu/cpu12/cache/index2/coherency_line_size
[31Mar2026 00:26:23.126] [main/DEBUG] [oshi.util.FileUtil/]: Reading file /sys/devices/system/cpu/cpu12/cache/index2/coherency_line_size
[31Mar2026 00:26:23.126] [main/DEBUG] [oshi.util.FileUtil/]: Reading file /sys/devices/system/cpu/cpu12/cache/index2/size
[31Mar2026 00:26:23.126] [main/DEBUG] [oshi.util.FileUtil/]: Reading file /sys/devices/system/cpu/cpu12/cache/index2/size
[31Mar2026 00:26:23.126] [main/DEBUG] [oshi.util.FileUtil/]: Reading file /sys/devices/system/cpu/cpu12/cache/index0/level
[31Mar2026 00:26:23.126] [main/DEBUG] [oshi.util.FileUtil/]: Reading file /sys/devices/system/cpu/cpu12/cache/index0/level
[31Mar2026 00:26:23.126] [main/DEBUG] [oshi.util.FileUtil/]: Reading file /sys/devices/system/cpu/cpu12/cache/index0/type
[31Mar2026 00:26:23.126] [main/DEBUG] [oshi.util.FileUtil/]: Reading file /sys/devices/system/cpu/cpu12/cache/index0/type
[31Mar2026 00:26:23.126] [main/DEBUG] [oshi.util.FileUtil/]: Reading file /sys/devices/system/cpu/cpu12/cache/index0/ways_of_associativity
[31Mar2026 00:26:23.126] [main/DEBUG] [oshi.util.FileUtil/]: Reading file /sys/devices/system/cpu/cpu12/cache/index0/ways_of_associativity
[31Mar2026 00:26:23.126] [main/DEBUG] [oshi.util.FileUtil/]: Reading file /sys/devices/system/cpu/cpu12/cache/index0/coherency_line_size
[31Mar2026 00:26:23.127] [main/DEBUG] [oshi.util.FileUtil/]: Reading file /sys/devices/system/cpu/cpu12/cache/index0/coherency_line_size
[31Mar2026 00:26:23.127] [main/DEBUG] [oshi.util.FileUtil/]: Reading file /sys/devices/system/cpu/cpu12/cache/index0/size
[31Mar2026 00:26:23.127] [main/DEBUG] [oshi.util.FileUtil/]: Reading file /sys/devices/system/cpu/cpu12/cache/index0/size
[31Mar2026 00:26:23.127] [main/DEBUG] [oshi.util.FileUtil/]: Reading file /sys/devices/system/cpu/cpu12/cache/index3/level
[31Mar2026 00:26:23.127] [main/DEBUG] [oshi.util.FileUtil/]: Reading file /sys/devices/system/cpu/cpu12/cache/index3/level
[31Mar2026 00:26:23.127] [main/DEBUG] [oshi.util.FileUtil/]: Reading file /sys/devices/system/cpu/cpu12/cache/index3/type
[31Mar2026 00:26:23.127] [main/DEBUG] [oshi.util.FileUtil/]: Reading file /sys/devices/system/cpu/cpu12/cache/index3/type
[31Mar2026 00:26:23.127] [main/DEBUG] [oshi.util.FileUtil/]: Reading file /sys/devices/system/cpu/cpu12/cache/index3/ways_of_associativity
[31Mar2026 00:26:23.127] [main/DEBUG] [oshi.util.FileUtil/]: Reading file /sys/devices/system/cpu/cpu12/cache/index3/ways_of_associativity
[31Mar2026 00:26:23.127] [main/DEBUG] [oshi.util.FileUtil/]: Reading file /sys/devices/system/cpu/cpu12/cache/index3/coherency_line_size
[31Mar2026 00:26:23.127] [main/DEBUG] [oshi.util.FileUtil/]: Reading file /sys/devices/system/cpu/cpu12/cache/index3/coherency_line_size
[31Mar2026 00:26:23.127] [main/DEBUG] [oshi.util.FileUtil/]: Reading file /sys/devices/system/cpu/cpu12/cache/index3/size
[31Mar2026 00:26:23.128] [main/DEBUG] [oshi.util.FileUtil/]: Reading file /sys/devices/system/cpu/cpu12/cache/index3/size
[31Mar2026 00:26:23.128] [main/DEBUG] [oshi.util.FileUtil/]: Reading file /sys/devices/system/cpu/cpu12/cache/index1/level
[31Mar2026 00:26:23.128] [main/DEBUG] [oshi.util.FileUtil/]: Reading file /sys/devices/system/cpu/cpu12/cache/index1/level
[31Mar2026 00:26:23.128] [main/DEBUG] [oshi.util.FileUtil/]: Reading file /sys/devices/system/cpu/cpu12/cache/index1/type
[31Mar2026 00:26:23.128] [main/DEBUG] [oshi.util.FileUtil/]: Reading file /sys/devices/system/cpu/cpu12/cache/index1/type
[31Mar2026 00:26:23.128] [main/DEBUG] [oshi.util.FileUtil/]: Reading file /sys/devices/system/cpu/cpu12/cache/index1/ways_of_associativity
[31Mar2026 00:26:23.128] [main/DEBUG] [oshi.util.FileUtil/]: Reading file /sys/devices/system/cpu/cpu12/cache/index1/ways_of_associativity
[31Mar2026 00:26:23.128] [main/DEBUG] [oshi.util.FileUtil/]: Reading file /sys/devices/system/cpu/cpu12/cache/index1/coherency_line_size
[31Mar2026 00:26:23.128] [main/DEBUG] [oshi.util.FileUtil/]: Reading file /sys/devices/system/cpu/cpu12/cache/index1/coherency_line_size
[31Mar2026 00:26:23.128] [main/DEBUG] [oshi.util.FileUtil/]: Reading file /sys/devices/system/cpu/cpu12/cache/index1/size
[31Mar2026 00:26:23.129] [main/DEBUG] [oshi.util.FileUtil/]: Reading file /sys/devices/system/cpu/cpu12/cache/index1/size
[31Mar2026 00:26:23.129] [main/DEBUG] [oshi.util.FileUtil/]: Reading file /sys/devices/system/cpu/cpu13/topology/core_id
[31Mar2026 00:26:23.129] [main/DEBUG] [oshi.util.FileUtil/]: Reading file /sys/devices/system/cpu/cpu13/topology/core_id
[31Mar2026 00:26:23.129] [main/DEBUG] [oshi.util.FileUtil/]: Reading file /sys/devices/system/cpu/cpu13/topology/physical_package_id
[31Mar2026 00:26:23.129] [main/DEBUG] [oshi.util.FileUtil/]: Reading file /sys/devices/system/cpu/cpu13/topology/physical_package_id
[31Mar2026 00:26:23.129] [main/DEBUG] [oshi.util.FileUtil/]: Reading file /sys/devices/system/cpu/cpu13/cpu_capacity
[31Mar2026 00:26:23.129] [main/DEBUG] [oshi.util.FileUtil/]: Reading file /sys/devices/system/cpu/cpu13/cpu_capacity
[31Mar2026 00:26:23.130] [main/DEBUG] [oshi.util.FileUtil/]: Reading file /sys/devices/system/cpu/cpu13/cache/index2/level
[31Mar2026 00:26:23.130] [main/DEBUG] [oshi.util.FileUtil/]: Reading file /sys/devices/system/cpu/cpu13/cache/index2/level
[31Mar2026 00:26:23.130] [main/DEBUG] [oshi.util.FileUtil/]: Reading file /sys/devices/system/cpu/cpu13/cache/index2/type
[31Mar2026 00:26:23.130] [main/DEBUG] [oshi.util.FileUtil/]: Reading file /sys/devices/system/cpu/cpu13/cache/index2/type
[31Mar2026 00:26:23.130] [main/DEBUG] [oshi.util.FileUtil/]: Reading file /sys/devices/system/cpu/cpu13/cache/index2/ways_of_associativity
[31Mar2026 00:26:23.130] [main/DEBUG] [oshi.util.FileUtil/]: Reading file /sys/devices/system/cpu/cpu13/cache/index2/ways_of_associativity
[31Mar2026 00:26:23.130] [main/DEBUG] [oshi.util.FileUtil/]: Reading file /sys/devices/system/cpu/cpu13/cache/index2/coherency_line_size
[31Mar2026 00:26:23.130] [main/DEBUG] [oshi.util.FileUtil/]: Reading file /sys/devices/system/cpu/cpu13/cache/index2/coherency_line_size
[31Mar2026 00:26:23.130] [main/DEBUG] [oshi.util.FileUtil/]: Reading file /sys/devices/system/cpu/cpu13/cache/index2/size
[31Mar2026 00:26:23.130] [main/DEBUG] [oshi.util.FileUtil/]: Reading file /sys/devices/system/cpu/cpu13/cache/index2/size
[31Mar2026 00:26:23.130] [main/DEBUG] [oshi.util.FileUtil/]: Reading file /sys/devices/system/cpu/cpu13/cache/index0/level
[31Mar2026 00:26:23.130] [main/DEBUG] [oshi.util.FileUtil/]: Reading file /sys/devices/system/cpu/cpu13/cache/index0/level
[31Mar2026 00:26:23.130] [main/DEBUG] [oshi.util.FileUtil/]: Reading file /sys/devices/system/cpu/cpu13/cache/index0/type
[31Mar2026 00:26:23.130] [main/DEBUG] [oshi.util.FileUtil/]: Reading file /sys/devices/system/cpu/cpu13/cache/index0/type
[31Mar2026 00:26:23.130] [main/DEBUG] [oshi.util.FileUtil/]: Reading file /sys/devices/system/cpu/cpu13/cache/index0/ways_of_associativity
[31Mar2026 00:26:23.130] [main/DEBUG] [oshi.util.FileUtil/]: Reading file /sys/devices/system/cpu/cpu13/cache/index0/ways_of_associativity
[31Mar2026 00:26:23.130] [main/DEBUG] [oshi.util.FileUtil/]: Reading file /sys/devices/system/cpu/cpu13/cache/index0/coherency_line_size
[31Mar2026 00:26:23.130] [main/DEBUG] [oshi.util.FileUtil/]: Reading file /sys/devices/system/cpu/cpu13/cache/index0/coherency_line_size
[31Mar2026 00:26:23.130] [main/DEBUG] [oshi.util.FileUtil/]: Reading file /sys/devices/system/cpu/cpu13/cache/index0/size
[31Mar2026 00:26:23.130] [main/DEBUG] [oshi.util.FileUtil/]: Reading file /sys/devices/system/cpu/cpu13/cache/index0/size
[31Mar2026 00:26:23.131] [main/DEBUG] [oshi.util.FileUtil/]: Reading file /sys/devices/system/cpu/cpu13/cache/index3/level
[31Mar2026 00:26:23.131] [main/DEBUG] [oshi.util.FileUtil/]: Reading file /sys/devices/system/cpu/cpu13/cache/index3/level
[31Mar2026 00:26:23.131] [main/DEBUG] [oshi.util.FileUtil/]: Reading file /sys/devices/system/cpu/cpu13/cache/index3/type
[31Mar2026 00:26:23.131] [main/DEBUG] [oshi.util.FileUtil/]: Reading file /sys/devices/system/cpu/cpu13/cache/index3/type
[31Mar2026 00:26:23.131] [main/DEBUG] [oshi.util.FileUtil/]: Reading file /sys/devices/system/cpu/cpu13/cache/index3/ways_of_associativity
[31Mar2026 00:26:23.131] [main/DEBUG] [oshi.util.FileUtil/]: Reading file /sys/devices/system/cpu/cpu13/cache/index3/ways_of_associativity
[31Mar2026 00:26:23.131] [main/DEBUG] [oshi.util.FileUtil/]: Reading file /sys/devices/system/cpu/cpu13/cache/index3/coherency_line_size
[31Mar2026 00:26:23.131] [main/DEBUG] [oshi.util.FileUtil/]: Reading file /sys/devices/system/cpu/cpu13/cache/index3/coherency_line_size
[31Mar2026 00:26:23.131] [main/DEBUG] [oshi.util.FileUtil/]: Reading file /sys/devices/system/cpu/cpu13/cache/index3/size
[31Mar2026 00:26:23.131] [main/DEBUG] [oshi.util.FileUtil/]: Reading file /sys/devices/system/cpu/cpu13/cache/index3/size
[31Mar2026 00:26:23.131] [main/DEBUG] [oshi.util.FileUtil/]: Reading file /sys/devices/system/cpu/cpu13/cache/index1/level
[31Mar2026 00:26:23.131] [main/DEBUG] [oshi.util.FileUtil/]: Reading file /sys/devices/system/cpu/cpu13/cache/index1/level
[31Mar2026 00:26:23.131] [main/DEBUG] [oshi.util.FileUtil/]: Reading file /sys/devices/system/cpu/cpu13/cache/index1/type
[31Mar2026 00:26:23.131] [main/DEBUG] [oshi.util.FileUtil/]: Reading file /sys/devices/system/cpu/cpu13/cache/index1/type
[31Mar2026 00:26:23.131] [main/DEBUG] [oshi.util.FileUtil/]: Reading file /sys/devices/system/cpu/cpu13/cache/index1/ways_of_associativity
[31Mar2026 00:26:23.131] [main/DEBUG] [oshi.util.FileUtil/]: Reading file /sys/devices/system/cpu/cpu13/cache/index1/ways_of_associativity
[31Mar2026 00:26:23.131] [main/DEBUG] [oshi.util.FileUtil/]: Reading file /sys/devices/system/cpu/cpu13/cache/index1/coherency_line_size
[31Mar2026 00:26:23.131] [main/DEBUG] [oshi.util.FileUtil/]: Reading file /sys/devices/system/cpu/cpu13/cache/index1/coherency_line_size
[31Mar2026 00:26:23.131] [main/DEBUG] [oshi.util.FileUtil/]: Reading file /sys/devices/system/cpu/cpu13/cache/index1/size
[31Mar2026 00:26:23.131] [main/DEBUG] [oshi.util.FileUtil/]: Reading file /sys/devices/system/cpu/cpu13/cache/index1/size
[31Mar2026 00:26:23.132] [main/DEBUG] [oshi.util.FileUtil/]: Reading file /sys/devices/system/cpu/cpu14/topology/core_id
[31Mar2026 00:26:23.132] [main/DEBUG] [oshi.util.FileUtil/]: Reading file /sys/devices/system/cpu/cpu14/topology/core_id
[31Mar2026 00:26:23.132] [main/DEBUG] [oshi.util.FileUtil/]: Reading file /sys/devices/system/cpu/cpu14/topology/physical_package_id
[31Mar2026 00:26:23.132] [main/DEBUG] [oshi.util.FileUtil/]: Reading file /sys/devices/system/cpu/cpu14/topology/physical_package_id
[31Mar2026 00:26:23.132] [main/DEBUG] [oshi.util.FileUtil/]: Reading file /sys/devices/system/cpu/cpu14/cpu_capacity
[31Mar2026 00:26:23.132] [main/DEBUG] [oshi.util.FileUtil/]: Reading file /sys/devices/system/cpu/cpu14/cpu_capacity
[31Mar2026 00:26:23.132] [main/DEBUG] [oshi.util.FileUtil/]: Reading file /sys/devices/system/cpu/cpu14/cache/index2/level
[31Mar2026 00:26:23.132] [main/DEBUG] [oshi.util.FileUtil/]: Reading file /sys/devices/system/cpu/cpu14/cache/index2/level
[31Mar2026 00:26:23.132] [main/DEBUG] [oshi.util.FileUtil/]: Reading file /sys/devices/system/cpu/cpu14/cache/index2/type
[31Mar2026 00:26:23.132] [main/DEBUG] [oshi.util.FileUtil/]: Reading file /sys/devices/system/cpu/cpu14/cache/index2/type
[31Mar2026 00:26:23.132] [main/DEBUG] [oshi.util.FileUtil/]: Reading file /sys/devices/system/cpu/cpu14/cache/index2/ways_of_associativity
[31Mar2026 00:26:23.132] [main/DEBUG] [oshi.util.FileUtil/]: Reading file /sys/devices/system/cpu/cpu14/cache/index2/ways_of_associativity
[31Mar2026 00:26:23.132] [main/DEBUG] [oshi.util.FileUtil/]: Reading file /sys/devices/system/cpu/cpu14/cache/index2/coherency_line_size
[31Mar2026 00:26:23.132] [main/DEBUG] [oshi.util.FileUtil/]: Reading file /sys/devices/system/cpu/cpu14/cache/index2/coherency_line_size
[31Mar2026 00:26:23.132] [main/DEBUG] [oshi.util.FileUtil/]: Reading file /sys/devices/system/cpu/cpu14/cache/index2/size
[31Mar2026 00:26:23.132] [main/DEBUG] [oshi.util.FileUtil/]: Reading file /sys/devices/system/cpu/cpu14/cache/index2/size
[31Mar2026 00:26:23.132] [main/DEBUG] [oshi.util.FileUtil/]: Reading file /sys/devices/system/cpu/cpu14/cache/index0/level
[31Mar2026 00:26:23.133] [main/DEBUG] [oshi.util.FileUtil/]: Reading file /sys/devices/system/cpu/cpu14/cache/index0/level
[31Mar2026 00:26:23.133] [main/DEBUG] [oshi.util.FileUtil/]: Reading file /sys/devices/system/cpu/cpu14/cache/index0/type
[31Mar2026 00:26:23.133] [main/DEBUG] [oshi.util.FileUtil/]: Reading file /sys/devices/system/cpu/cpu14/cache/index0/type
[31Mar2026 00:26:23.133] [main/DEBUG] [oshi.util.FileUtil/]: Reading file /sys/devices/system/cpu/cpu14/cache/index0/ways_of_associativity
[31Mar2026 00:26:23.133] [main/DEBUG] [oshi.util.FileUtil/]: Reading file /sys/devices/system/cpu/cpu14/cache/index0/ways_of_associativity
[31Mar2026 00:26:23.133] [main/DEBUG] [oshi.util.FileUtil/]: Reading file /sys/devices/system/cpu/cpu14/cache/index0/coherency_line_size
[31Mar2026 00:26:23.133] [main/DEBUG] [oshi.util.FileUtil/]: Reading file /sys/devices/system/cpu/cpu14/cache/index0/coherency_line_size
[31Mar2026 00:26:23.133] [main/DEBUG] [oshi.util.FileUtil/]: Reading file /sys/devices/system/cpu/cpu14/cache/index0/size
[31Mar2026 00:26:23.133] [main/DEBUG] [oshi.util.FileUtil/]: Reading file /sys/devices/system/cpu/cpu14/cache/index0/size
[31Mar2026 00:26:23.133] [main/DEBUG] [oshi.util.FileUtil/]: Reading file /sys/devices/system/cpu/cpu14/cache/index3/level
[31Mar2026 00:26:23.133] [main/DEBUG] [oshi.util.FileUtil/]: Reading file /sys/devices/system/cpu/cpu14/cache/index3/level
[31Mar2026 00:26:23.133] [main/DEBUG] [oshi.util.FileUtil/]: Reading file /sys/devices/system/cpu/cpu14/cache/index3/type
[31Mar2026 00:26:23.133] [main/DEBUG] [oshi.util.FileUtil/]: Reading file /sys/devices/system/cpu/cpu14/cache/index3/type
[31Mar2026 00:26:23.133] [main/DEBUG] [oshi.util.FileUtil/]: Reading file /sys/devices/system/cpu/cpu14/cache/index3/ways_of_associativity
[31Mar2026 00:26:23.133] [main/DEBUG] [oshi.util.FileUtil/]: Reading file /sys/devices/system/cpu/cpu14/cache/index3/ways_of_associativity
[31Mar2026 00:26:23.133] [main/DEBUG] [oshi.util.FileUtil/]: Reading file /sys/devices/system/cpu/cpu14/cache/index3/coherency_line_size
[31Mar2026 00:26:23.133] [main/DEBUG] [oshi.util.FileUtil/]: Reading file /sys/devices/system/cpu/cpu14/cache/index3/coherency_line_size
[31Mar2026 00:26:23.133] [main/DEBUG] [oshi.util.FileUtil/]: Reading file /sys/devices/system/cpu/cpu14/cache/index3/size
[31Mar2026 00:26:23.133] [main/DEBUG] [oshi.util.FileUtil/]: Reading file /sys/devices/system/cpu/cpu14/cache/index3/size
[31Mar2026 00:26:23.133] [main/DEBUG] [oshi.util.FileUtil/]: Reading file /sys/devices/system/cpu/cpu14/cache/index1/level
[31Mar2026 00:26:23.133] [main/DEBUG] [oshi.util.FileUtil/]: Reading file /sys/devices/system/cpu/cpu14/cache/index1/level
[31Mar2026 00:26:23.133] [main/DEBUG] [oshi.util.FileUtil/]: Reading file /sys/devices/system/cpu/cpu14/cache/index1/type
[31Mar2026 00:26:23.133] [main/DEBUG] [oshi.util.FileUtil/]: Reading file /sys/devices/system/cpu/cpu14/cache/index1/type
[31Mar2026 00:26:23.133] [main/DEBUG] [oshi.util.FileUtil/]: Reading file /sys/devices/system/cpu/cpu14/cache/index1/ways_of_associativity
[31Mar2026 00:26:23.133] [main/DEBUG] [oshi.util.FileUtil/]: Reading file /sys/devices/system/cpu/cpu14/cache/index1/ways_of_associativity
[31Mar2026 00:26:23.133] [main/DEBUG] [oshi.util.FileUtil/]: Reading file /sys/devices/system/cpu/cpu14/cache/index1/coherency_line_size
[31Mar2026 00:26:23.133] [main/DEBUG] [oshi.util.FileUtil/]: Reading file /sys/devices/system/cpu/cpu14/cache/index1/coherency_line_size
[31Mar2026 00:26:23.133] [main/DEBUG] [oshi.util.FileUtil/]: Reading file /sys/devices/system/cpu/cpu14/cache/index1/size
[31Mar2026 00:26:23.134] [main/DEBUG] [oshi.util.FileUtil/]: Reading file /sys/devices/system/cpu/cpu14/cache/index1/size
[31Mar2026 00:26:23.134] [main/DEBUG] [oshi.util.FileUtil/]: Reading file /sys/devices/system/cpu/cpu15/topology/core_id
[31Mar2026 00:26:23.134] [main/DEBUG] [oshi.util.FileUtil/]: Reading file /sys/devices/system/cpu/cpu15/topology/core_id
[31Mar2026 00:26:23.134] [main/DEBUG] [oshi.util.FileUtil/]: Reading file /sys/devices/system/cpu/cpu15/topology/physical_package_id
[31Mar2026 00:26:23.134] [main/DEBUG] [oshi.util.FileUtil/]: Reading file /sys/devices/system/cpu/cpu15/topology/physical_package_id
[31Mar2026 00:26:23.134] [main/DEBUG] [oshi.util.FileUtil/]: Reading file /sys/devices/system/cpu/cpu15/cpu_capacity
[31Mar2026 00:26:23.134] [main/DEBUG] [oshi.util.FileUtil/]: Reading file /sys/devices/system/cpu/cpu15/cpu_capacity
[31Mar2026 00:26:23.134] [main/DEBUG] [oshi.util.FileUtil/]: Reading file /sys/devices/system/cpu/cpu15/cache/index2/level
[31Mar2026 00:26:23.134] [main/DEBUG] [oshi.util.FileUtil/]: Reading file /sys/devices/system/cpu/cpu15/cache/index2/level
[31Mar2026 00:26:23.134] [main/DEBUG] [oshi.util.FileUtil/]: Reading file /sys/devices/system/cpu/cpu15/cache/index2/type
[31Mar2026 00:26:23.134] [main/DEBUG] [oshi.util.FileUtil/]: Reading file /sys/devices/system/cpu/cpu15/cache/index2/type
[31Mar2026 00:26:23.134] [main/DEBUG] [oshi.util.FileUtil/]: Reading file /sys/devices/system/cpu/cpu15/cache/index2/ways_of_associativity
[31Mar2026 00:26:23.134] [main/DEBUG] [oshi.util.FileUtil/]: Reading file /sys/devices/system/cpu/cpu15/cache/index2/ways_of_associativity
[31Mar2026 00:26:23.135] [main/DEBUG] [oshi.util.FileUtil/]: Reading file /sys/devices/system/cpu/cpu15/cache/index2/coherency_line_size
[31Mar2026 00:26:23.135] [main/DEBUG] [oshi.util.FileUtil/]: Reading file /sys/devices/system/cpu/cpu15/cache/index2/coherency_line_size
[31Mar2026 00:26:23.135] [main/DEBUG] [oshi.util.FileUtil/]: Reading file /sys/devices/system/cpu/cpu15/cache/index2/size
[31Mar2026 00:26:23.135] [main/DEBUG] [oshi.util.FileUtil/]: Reading file /sys/devices/system/cpu/cpu15/cache/index2/size
[31Mar2026 00:26:23.135] [main/DEBUG] [oshi.util.FileUtil/]: Reading file /sys/devices/system/cpu/cpu15/cache/index0/level
[31Mar2026 00:26:23.135] [main/DEBUG] [oshi.util.FileUtil/]: Reading file /sys/devices/system/cpu/cpu15/cache/index0/level
[31Mar2026 00:26:23.135] [main/DEBUG] [oshi.util.FileUtil/]: Reading file /sys/devices/system/cpu/cpu15/cache/index0/type
[31Mar2026 00:26:23.135] [main/DEBUG] [oshi.util.FileUtil/]: Reading file /sys/devices/system/cpu/cpu15/cache/index0/type
[31Mar2026 00:26:23.135] [main/DEBUG] [oshi.util.FileUtil/]: Reading file /sys/devices/system/cpu/cpu15/cache/index0/ways_of_associativity
[31Mar2026 00:26:23.135] [main/DEBUG] [oshi.util.FileUtil/]: Reading file /sys/devices/system/cpu/cpu15/cache/index0/ways_of_associativity
[31Mar2026 00:26:23.135] [main/DEBUG] [oshi.util.FileUtil/]: Reading file /sys/devices/system/cpu/cpu15/cache/index0/coherency_line_size
[31Mar2026 00:26:23.135] [main/DEBUG] [oshi.util.FileUtil/]: Reading file /sys/devices/system/cpu/cpu15/cache/index0/coherency_line_size
[31Mar2026 00:26:23.135] [main/DEBUG] [oshi.util.FileUtil/]: Reading file /sys/devices/system/cpu/cpu15/cache/index0/size
[31Mar2026 00:26:23.135] [main/DEBUG] [oshi.util.FileUtil/]: Reading file /sys/devices/system/cpu/cpu15/cache/index0/size
[31Mar2026 00:26:23.135] [main/DEBUG] [oshi.util.FileUtil/]: Reading file /sys/devices/system/cpu/cpu15/cache/index3/level
[31Mar2026 00:26:23.135] [main/DEBUG] [oshi.util.FileUtil/]: Reading file /sys/devices/system/cpu/cpu15/cache/index3/level
[31Mar2026 00:26:23.135] [main/DEBUG] [oshi.util.FileUtil/]: Reading file /sys/devices/system/cpu/cpu15/cache/index3/type
[31Mar2026 00:26:23.135] [main/DEBUG] [oshi.util.FileUtil/]: Reading file /sys/devices/system/cpu/cpu15/cache/index3/type
[31Mar2026 00:26:23.135] [main/DEBUG] [oshi.util.FileUtil/]: Reading file /sys/devices/system/cpu/cpu15/cache/index3/ways_of_associativity
[31Mar2026 00:26:23.135] [main/DEBUG] [oshi.util.FileUtil/]: Reading file /sys/devices/system/cpu/cpu15/cache/index3/ways_of_associativity
[31Mar2026 00:26:23.135] [main/DEBUG] [oshi.util.FileUtil/]: Reading file /sys/devices/system/cpu/cpu15/cache/index3/coherency_line_size
[31Mar2026 00:26:23.135] [main/DEBUG] [oshi.util.FileUtil/]: Reading file /sys/devices/system/cpu/cpu15/cache/index3/coherency_line_size
[31Mar2026 00:26:23.135] [main/DEBUG] [oshi.util.FileUtil/]: Reading file /sys/devices/system/cpu/cpu15/cache/index3/size
[31Mar2026 00:26:23.135] [main/DEBUG] [oshi.util.FileUtil/]: Reading file /sys/devices/system/cpu/cpu15/cache/index3/size
[31Mar2026 00:26:23.135] [main/DEBUG] [oshi.util.FileUtil/]: Reading file /sys/devices/system/cpu/cpu15/cache/index1/level
[31Mar2026 00:26:23.135] [main/DEBUG] [oshi.util.FileUtil/]: Reading file /sys/devices/system/cpu/cpu15/cache/index1/level
[31Mar2026 00:26:23.135] [main/DEBUG] [oshi.util.FileUtil/]: Reading file /sys/devices/system/cpu/cpu15/cache/index1/type
[31Mar2026 00:26:23.135] [main/DEBUG] [oshi.util.FileUtil/]: Reading file /sys/devices/system/cpu/cpu15/cache/index1/type
[31Mar2026 00:26:23.135] [main/DEBUG] [oshi.util.FileUtil/]: Reading file /sys/devices/system/cpu/cpu15/cache/index1/ways_of_associativity
[31Mar2026 00:26:23.136] [main/DEBUG] [oshi.util.FileUtil/]: Reading file /sys/devices/system/cpu/cpu15/cache/index1/ways_of_associativity
[31Mar2026 00:26:23.136] [main/DEBUG] [oshi.util.FileUtil/]: Reading file /sys/devices/system/cpu/cpu15/cache/index1/coherency_line_size
[31Mar2026 00:26:23.136] [main/DEBUG] [oshi.util.FileUtil/]: Reading file /sys/devices/system/cpu/cpu15/cache/index1/coherency_line_size
[31Mar2026 00:26:23.136] [main/DEBUG] [oshi.util.FileUtil/]: Reading file /sys/devices/system/cpu/cpu15/cache/index1/size
[31Mar2026 00:26:23.136] [main/DEBUG] [oshi.util.FileUtil/]: Reading file /sys/devices/system/cpu/cpu15/cache/index1/size
[31Mar2026 00:26:23.136] [main/DEBUG] [oshi.util.FileUtil/]: Reading file /sys/devices/system/cpu/cpu2/topology/core_id
[31Mar2026 00:26:23.136] [main/DEBUG] [oshi.util.FileUtil/]: Reading file /sys/devices/system/cpu/cpu2/topology/core_id
[31Mar2026 00:26:23.136] [main/DEBUG] [oshi.util.FileUtil/]: Reading file /sys/devices/system/cpu/cpu2/topology/physical_package_id
[31Mar2026 00:26:23.136] [main/DEBUG] [oshi.util.FileUtil/]: Reading file /sys/devices/system/cpu/cpu2/topology/physical_package_id
[31Mar2026 00:26:23.136] [main/DEBUG] [oshi.util.FileUtil/]: Reading file /sys/devices/system/cpu/cpu2/cpu_capacity
[31Mar2026 00:26:23.136] [main/DEBUG] [oshi.util.FileUtil/]: Reading file /sys/devices/system/cpu/cpu2/cpu_capacity
[31Mar2026 00:26:23.136] [main/DEBUG] [oshi.util.FileUtil/]: Reading file /sys/devices/system/cpu/cpu2/cache/index2/level
[31Mar2026 00:26:23.136] [main/DEBUG] [oshi.util.FileUtil/]: Reading file /sys/devices/system/cpu/cpu2/cache/index2/level
[31Mar2026 00:26:23.136] [main/DEBUG] [oshi.util.FileUtil/]: Reading file /sys/devices/system/cpu/cpu2/cache/index2/type
[31Mar2026 00:26:23.136] [main/DEBUG] [oshi.util.FileUtil/]: Reading file /sys/devices/system/cpu/cpu2/cache/index2/type
[31Mar2026 00:26:23.136] [main/DEBUG] [oshi.util.FileUtil/]: Reading file /sys/devices/system/cpu/cpu2/cache/index2/ways_of_associativity
[31Mar2026 00:26:23.137] [main/DEBUG] [oshi.util.FileUtil/]: Reading file /sys/devices/system/cpu/cpu2/cache/index2/ways_of_associativity
[31Mar2026 00:26:23.137] [main/DEBUG] [oshi.util.FileUtil/]: Reading file /sys/devices/system/cpu/cpu2/cache/index2/coherency_line_size
[31Mar2026 00:26:23.137] [main/DEBUG] [oshi.util.FileUtil/]: Reading file /sys/devices/system/cpu/cpu2/cache/index2/coherency_line_size
[31Mar2026 00:26:23.137] [main/DEBUG] [oshi.util.FileUtil/]: Reading file /sys/devices/system/cpu/cpu2/cache/index2/size
[31Mar2026 00:26:23.137] [main/DEBUG] [oshi.util.FileUtil/]: Reading file /sys/devices/system/cpu/cpu2/cache/index2/size
[31Mar2026 00:26:23.137] [main/DEBUG] [oshi.util.FileUtil/]: Reading file /sys/devices/system/cpu/cpu2/cache/index0/level
[31Mar2026 00:26:23.137] [main/DEBUG] [oshi.util.FileUtil/]: Reading file /sys/devices/system/cpu/cpu2/cache/index0/level
[31Mar2026 00:26:23.137] [main/DEBUG] [oshi.util.FileUtil/]: Reading file /sys/devices/system/cpu/cpu2/cache/index0/type
[31Mar2026 00:26:23.137] [main/DEBUG] [oshi.util.FileUtil/]: Reading file /sys/devices/system/cpu/cpu2/cache/index0/type
[31Mar2026 00:26:23.137] [main/DEBUG] [oshi.util.FileUtil/]: Reading file /sys/devices/system/cpu/cpu2/cache/index0/ways_of_associativity
[31Mar2026 00:26:23.137] [main/DEBUG] [oshi.util.FileUtil/]: Reading file /sys/devices/system/cpu/cpu2/cache/index0/ways_of_associativity
[31Mar2026 00:26:23.137] [main/DEBUG] [oshi.util.FileUtil/]: Reading file /sys/devices/system/cpu/cpu2/cache/index0/coherency_line_size
[31Mar2026 00:26:23.137] [main/DEBUG] [oshi.util.FileUtil/]: Reading file /sys/devices/system/cpu/cpu2/cache/index0/coherency_line_size
[31Mar2026 00:26:23.137] [main/DEBUG] [oshi.util.FileUtil/]: Reading file /sys/devices/system/cpu/cpu2/cache/index0/size
[31Mar2026 00:26:23.137] [main/DEBUG] [oshi.util.FileUtil/]: Reading file /sys/devices/system/cpu/cpu2/cache/index0/size
[31Mar2026 00:26:23.137] [main/DEBUG] [oshi.util.FileUtil/]: Reading file /sys/devices/system/cpu/cpu2/cache/index3/level
[31Mar2026 00:26:23.137] [main/DEBUG] [oshi.util.FileUtil/]: Reading file /sys/devices/system/cpu/cpu2/cache/index3/level
[31Mar2026 00:26:23.137] [main/DEBUG] [oshi.util.FileUtil/]: Reading file /sys/devices/system/cpu/cpu2/cache/index3/type
[31Mar2026 00:26:23.137] [main/DEBUG] [oshi.util.FileUtil/]: Reading file /sys/devices/system/cpu/cpu2/cache/index3/type
[31Mar2026 00:26:23.137] [main/DEBUG] [oshi.util.FileUtil/]: Reading file /sys/devices/system/cpu/cpu2/cache/index3/ways_of_associativity
[31Mar2026 00:26:23.137] [main/DEBUG] [oshi.util.FileUtil/]: Reading file /sys/devices/system/cpu/cpu2/cache/index3/ways_of_associativity
[31Mar2026 00:26:23.137] [main/DEBUG] [oshi.util.FileUtil/]: Reading file /sys/devices/system/cpu/cpu2/cache/index3/coherency_line_size
[31Mar2026 00:26:23.137] [main/DEBUG] [oshi.util.FileUtil/]: Reading file /sys/devices/system/cpu/cpu2/cache/index3/coherency_line_size
[31Mar2026 00:26:23.137] [main/DEBUG] [oshi.util.FileUtil/]: Reading file /sys/devices/system/cpu/cpu2/cache/index3/size
[31Mar2026 00:26:23.137] [main/DEBUG] [oshi.util.FileUtil/]: Reading file /sys/devices/system/cpu/cpu2/cache/index3/size
[31Mar2026 00:26:23.138] [main/DEBUG] [oshi.util.FileUtil/]: Reading file /sys/devices/system/cpu/cpu2/cache/index1/level
[31Mar2026 00:26:23.138] [main/DEBUG] [oshi.util.FileUtil/]: Reading file /sys/devices/system/cpu/cpu2/cache/index1/level
[31Mar2026 00:26:23.138] [main/DEBUG] [oshi.util.FileUtil/]: Reading file /sys/devices/system/cpu/cpu2/cache/index1/type
[31Mar2026 00:26:23.138] [main/DEBUG] [oshi.util.FileUtil/]: Reading file /sys/devices/system/cpu/cpu2/cache/index1/type
[31Mar2026 00:26:23.138] [main/DEBUG] [oshi.util.FileUtil/]: Reading file /sys/devices/system/cpu/cpu2/cache/index1/ways_of_associativity
[31Mar2026 00:26:23.138] [main/DEBUG] [oshi.util.FileUtil/]: Reading file /sys/devices/system/cpu/cpu2/cache/index1/ways_of_associativity
[31Mar2026 00:26:23.138] [main/DEBUG] [oshi.util.FileUtil/]: Reading file /sys/devices/system/cpu/cpu2/cache/index1/coherency_line_size
[31Mar2026 00:26:23.138] [main/DEBUG] [oshi.util.FileUtil/]: Reading file /sys/devices/system/cpu/cpu2/cache/index1/coherency_line_size
[31Mar2026 00:26:23.138] [main/DEBUG] [oshi.util.FileUtil/]: Reading file /sys/devices/system/cpu/cpu2/cache/index1/size
[31Mar2026 00:26:23.138] [main/DEBUG] [oshi.util.FileUtil/]: Reading file /sys/devices/system/cpu/cpu2/cache/index1/size
[31Mar2026 00:26:23.138] [main/DEBUG] [oshi.util.FileUtil/]: Reading file /sys/devices/system/cpu/cpu3/topology/core_id
[31Mar2026 00:26:23.138] [main/DEBUG] [oshi.util.FileUtil/]: Reading file /sys/devices/system/cpu/cpu3/topology/core_id
[31Mar2026 00:26:23.139] [main/DEBUG] [oshi.util.FileUtil/]: Reading file /sys/devices/system/cpu/cpu3/topology/physical_package_id
[31Mar2026 00:26:23.139] [main/DEBUG] [oshi.util.FileUtil/]: Reading file /sys/devices/system/cpu/cpu3/topology/physical_package_id
[31Mar2026 00:26:23.139] [main/DEBUG] [oshi.util.FileUtil/]: Reading file /sys/devices/system/cpu/cpu3/cpu_capacity
[31Mar2026 00:26:23.139] [main/DEBUG] [oshi.util.FileUtil/]: Reading file /sys/devices/system/cpu/cpu3/cpu_capacity
[31Mar2026 00:26:23.139] [main/DEBUG] [oshi.util.FileUtil/]: Reading file /sys/devices/system/cpu/cpu3/cache/index2/level
[31Mar2026 00:26:23.139] [main/DEBUG] [oshi.util.FileUtil/]: Reading file /sys/devices/system/cpu/cpu3/cache/index2/level
[31Mar2026 00:26:23.139] [main/DEBUG] [oshi.util.FileUtil/]: Reading file /sys/devices/system/cpu/cpu3/cache/index2/type
[31Mar2026 00:26:23.139] [main/DEBUG] [oshi.util.FileUtil/]: Reading file /sys/devices/system/cpu/cpu3/cache/index2/type
[31Mar2026 00:26:23.139] [main/DEBUG] [oshi.util.FileUtil/]: Reading file /sys/devices/system/cpu/cpu3/cache/index2/ways_of_associativity
[31Mar2026 00:26:23.139] [main/DEBUG] [oshi.util.FileUtil/]: Reading file /sys/devices/system/cpu/cpu3/cache/index2/ways_of_associativity
[31Mar2026 00:26:23.139] [main/DEBUG] [oshi.util.FileUtil/]: Reading file /sys/devices/system/cpu/cpu3/cache/index2/coherency_line_size
[31Mar2026 00:26:23.139] [main/DEBUG] [oshi.util.FileUtil/]: Reading file /sys/devices/system/cpu/cpu3/cache/index2/coherency_line_size
[31Mar2026 00:26:23.139] [main/DEBUG] [oshi.util.FileUtil/]: Reading file /sys/devices/system/cpu/cpu3/cache/index2/size
[31Mar2026 00:26:23.139] [main/DEBUG] [oshi.util.FileUtil/]: Reading file /sys/devices/system/cpu/cpu3/cache/index2/size
[31Mar2026 00:26:23.139] [main/DEBUG] [oshi.util.FileUtil/]: Reading file /sys/devices/system/cpu/cpu3/cache/index0/level
[31Mar2026 00:26:23.139] [main/DEBUG] [oshi.util.FileUtil/]: Reading file /sys/devices/system/cpu/cpu3/cache/index0/level
[31Mar2026 00:26:23.139] [main/DEBUG] [oshi.util.FileUtil/]: Reading file /sys/devices/system/cpu/cpu3/cache/index0/type
[31Mar2026 00:26:23.139] [main/DEBUG] [oshi.util.FileUtil/]: Reading file /sys/devices/system/cpu/cpu3/cache/index0/type
[31Mar2026 00:26:23.139] [main/DEBUG] [oshi.util.FileUtil/]: Reading file /sys/devices/system/cpu/cpu3/cache/index0/ways_of_associativity
[31Mar2026 00:26:23.139] [main/DEBUG] [oshi.util.FileUtil/]: Reading file /sys/devices/system/cpu/cpu3/cache/index0/ways_of_associativity
[31Mar2026 00:26:23.139] [main/DEBUG] [oshi.util.FileUtil/]: Reading file /sys/devices/system/cpu/cpu3/cache/index0/coherency_line_size
[31Mar2026 00:26:23.139] [main/DEBUG] [oshi.util.FileUtil/]: Reading file /sys/devices/system/cpu/cpu3/cache/index0/coherency_line_size
[31Mar2026 00:26:23.139] [main/DEBUG] [oshi.util.FileUtil/]: Reading file /sys/devices/system/cpu/cpu3/cache/index0/size
[31Mar2026 00:26:23.139] [main/DEBUG] [oshi.util.FileUtil/]: Reading file /sys/devices/system/cpu/cpu3/cache/index0/size
[31Mar2026 00:26:23.139] [main/DEBUG] [oshi.util.FileUtil/]: Reading file /sys/devices/system/cpu/cpu3/cache/index3/level
[31Mar2026 00:26:23.139] [main/DEBUG] [oshi.util.FileUtil/]: Reading file /sys/devices/system/cpu/cpu3/cache/index3/level
[31Mar2026 00:26:23.140] [main/DEBUG] [oshi.util.FileUtil/]: Reading file /sys/devices/system/cpu/cpu3/cache/index3/type
[31Mar2026 00:26:23.140] [main/DEBUG] [oshi.util.FileUtil/]: Reading file /sys/devices/system/cpu/cpu3/cache/index3/type
[31Mar2026 00:26:23.140] [main/DEBUG] [oshi.util.FileUtil/]: Reading file /sys/devices/system/cpu/cpu3/cache/index3/ways_of_associativity
[31Mar2026 00:26:23.140] [main/DEBUG] [oshi.util.FileUtil/]: Reading file /sys/devices/system/cpu/cpu3/cache/index3/ways_of_associativity
[31Mar2026 00:26:23.140] [main/DEBUG] [oshi.util.FileUtil/]: Reading file /sys/devices/system/cpu/cpu3/cache/index3/coherency_line_size
[31Mar2026 00:26:23.140] [main/DEBUG] [oshi.util.FileUtil/]: Reading file /sys/devices/system/cpu/cpu3/cache/index3/coherency_line_size
[31Mar2026 00:26:23.140] [main/DEBUG] [oshi.util.FileUtil/]: Reading file /sys/devices/system/cpu/cpu3/cache/index3/size
[31Mar2026 00:26:23.140] [main/DEBUG] [oshi.util.FileUtil/]: Reading file /sys/devices/system/cpu/cpu3/cache/index3/size
[31Mar2026 00:26:23.140] [main/DEBUG] [oshi.util.FileUtil/]: Reading file /sys/devices/system/cpu/cpu3/cache/index1/level
[31Mar2026 00:26:23.140] [main/DEBUG] [oshi.util.FileUtil/]: Reading file /sys/devices/system/cpu/cpu3/cache/index1/level
[31Mar2026 00:26:23.140] [main/DEBUG] [oshi.util.FileUtil/]: Reading file /sys/devices/system/cpu/cpu3/cache/index1/type
[31Mar2026 00:26:23.140] [main/DEBUG] [oshi.util.FileUtil/]: Reading file /sys/devices/system/cpu/cpu3/cache/index1/type
[31Mar2026 00:26:23.140] [main/DEBUG] [oshi.util.FileUtil/]: Reading file /sys/devices/system/cpu/cpu3/cache/index1/ways_of_associativity
[31Mar2026 00:26:23.140] [main/DEBUG] [oshi.util.FileUtil/]: Reading file /sys/devices/system/cpu/cpu3/cache/index1/ways_of_associativity
[31Mar2026 00:26:23.140] [main/DEBUG] [oshi.util.FileUtil/]: Reading file /sys/devices/system/cpu/cpu3/cache/index1/coherency_line_size
[31Mar2026 00:26:23.140] [main/DEBUG] [oshi.util.FileUtil/]: Reading file /sys/devices/system/cpu/cpu3/cache/index1/coherency_line_size
[31Mar2026 00:26:23.140] [main/DEBUG] [oshi.util.FileUtil/]: Reading file /sys/devices/system/cpu/cpu3/cache/index1/size
[31Mar2026 00:26:23.140] [main/DEBUG] [oshi.util.FileUtil/]: Reading file /sys/devices/system/cpu/cpu3/cache/index1/size
[31Mar2026 00:26:23.141] [main/DEBUG] [oshi.util.FileUtil/]: Reading file /sys/devices/system/cpu/cpu4/topology/core_id
[31Mar2026 00:26:23.141] [main/DEBUG] [oshi.util.FileUtil/]: Reading file /sys/devices/system/cpu/cpu4/topology/core_id
[31Mar2026 00:26:23.141] [main/DEBUG] [oshi.util.FileUtil/]: Reading file /sys/devices/system/cpu/cpu4/topology/physical_package_id
[31Mar2026 00:26:23.141] [main/DEBUG] [oshi.util.FileUtil/]: Reading file /sys/devices/system/cpu/cpu4/topology/physical_package_id
[31Mar2026 00:26:23.141] [main/DEBUG] [oshi.util.FileUtil/]: Reading file /sys/devices/system/cpu/cpu4/cpu_capacity
[31Mar2026 00:26:23.141] [main/DEBUG] [oshi.util.FileUtil/]: Reading file /sys/devices/system/cpu/cpu4/cpu_capacity
[31Mar2026 00:26:23.141] [main/DEBUG] [oshi.util.FileUtil/]: Reading file /sys/devices/system/cpu/cpu4/cache/index2/level
[31Mar2026 00:26:23.141] [main/DEBUG] [oshi.util.FileUtil/]: Reading file /sys/devices/system/cpu/cpu4/cache/index2/level
[31Mar2026 00:26:23.141] [main/DEBUG] [oshi.util.FileUtil/]: Reading file /sys/devices/system/cpu/cpu4/cache/index2/type
[31Mar2026 00:26:23.141] [main/DEBUG] [oshi.util.FileUtil/]: Reading file /sys/devices/system/cpu/cpu4/cache/index2/type
[31Mar2026 00:26:23.141] [main/DEBUG] [oshi.util.FileUtil/]: Reading file /sys/devices/system/cpu/cpu4/cache/index2/ways_of_associativity
[31Mar2026 00:26:23.141] [main/DEBUG] [oshi.util.FileUtil/]: Reading file /sys/devices/system/cpu/cpu4/cache/index2/ways_of_associativity
[31Mar2026 00:26:23.141] [main/DEBUG] [oshi.util.FileUtil/]: Reading file /sys/devices/system/cpu/cpu4/cache/index2/coherency_line_size
[31Mar2026 00:26:23.141] [main/DEBUG] [oshi.util.FileUtil/]: Reading file /sys/devices/system/cpu/cpu4/cache/index2/coherency_line_size
[31Mar2026 00:26:23.141] [main/DEBUG] [oshi.util.FileUtil/]: Reading file /sys/devices/system/cpu/cpu4/cache/index2/size
[31Mar2026 00:26:23.141] [main/DEBUG] [oshi.util.FileUtil/]: Reading file /sys/devices/system/cpu/cpu4/cache/index2/size
[31Mar2026 00:26:23.142] [main/DEBUG] [oshi.util.FileUtil/]: Reading file /sys/devices/system/cpu/cpu4/cache/index0/level
[31Mar2026 00:26:23.142] [main/DEBUG] [oshi.util.FileUtil/]: Reading file /sys/devices/system/cpu/cpu4/cache/index0/level
[31Mar2026 00:26:23.142] [main/DEBUG] [oshi.util.FileUtil/]: Reading file /sys/devices/system/cpu/cpu4/cache/index0/type
[31Mar2026 00:26:23.142] [main/DEBUG] [oshi.util.FileUtil/]: Reading file /sys/devices/system/cpu/cpu4/cache/index0/type
[31Mar2026 00:26:23.142] [main/DEBUG] [oshi.util.FileUtil/]: Reading file /sys/devices/system/cpu/cpu4/cache/index0/ways_of_associativity
[31Mar2026 00:26:23.142] [main/DEBUG] [oshi.util.FileUtil/]: Reading file /sys/devices/system/cpu/cpu4/cache/index0/ways_of_associativity
[31Mar2026 00:26:23.142] [main/DEBUG] [oshi.util.FileUtil/]: Reading file /sys/devices/system/cpu/cpu4/cache/index0/coherency_line_size
[31Mar2026 00:26:23.142] [main/DEBUG] [oshi.util.FileUtil/]: Reading file /sys/devices/system/cpu/cpu4/cache/index0/coherency_line_size
[31Mar2026 00:26:23.142] [main/DEBUG] [oshi.util.FileUtil/]: Reading file /sys/devices/system/cpu/cpu4/cache/index0/size
[31Mar2026 00:26:23.142] [main/DEBUG] [oshi.util.FileUtil/]: Reading file /sys/devices/system/cpu/cpu4/cache/index0/size
[31Mar2026 00:26:23.142] [main/DEBUG] [oshi.util.FileUtil/]: Reading file /sys/devices/system/cpu/cpu4/cache/index3/level
[31Mar2026 00:26:23.142] [main/DEBUG] [oshi.util.FileUtil/]: Reading file /sys/devices/system/cpu/cpu4/cache/index3/level
[31Mar2026 00:26:23.142] [main/DEBUG] [oshi.util.FileUtil/]: Reading file /sys/devices/system/cpu/cpu4/cache/index3/type
[31Mar2026 00:26:23.142] [main/DEBUG] [oshi.util.FileUtil/]: Reading file /sys/devices/system/cpu/cpu4/cache/index3/type
[31Mar2026 00:26:23.142] [main/DEBUG] [oshi.util.FileUtil/]: Reading file /sys/devices/system/cpu/cpu4/cache/index3/ways_of_associativity
[31Mar2026 00:26:23.142] [main/DEBUG] [oshi.util.FileUtil/]: Reading file /sys/devices/system/cpu/cpu4/cache/index3/ways_of_associativity
[31Mar2026 00:26:23.142] [main/DEBUG] [oshi.util.FileUtil/]: Reading file /sys/devices/system/cpu/cpu4/cache/index3/coherency_line_size
[31Mar2026 00:26:23.142] [main/DEBUG] [oshi.util.FileUtil/]: Reading file /sys/devices/system/cpu/cpu4/cache/index3/coherency_line_size
[31Mar2026 00:26:23.142] [main/DEBUG] [oshi.util.FileUtil/]: Reading file /sys/devices/system/cpu/cpu4/cache/index3/size
[31Mar2026 00:26:23.142] [main/DEBUG] [oshi.util.FileUtil/]: Reading file /sys/devices/system/cpu/cpu4/cache/index3/size
[31Mar2026 00:26:23.142] [main/DEBUG] [oshi.util.FileUtil/]: Reading file /sys/devices/system/cpu/cpu4/cache/index1/level
[31Mar2026 00:26:23.142] [main/DEBUG] [oshi.util.FileUtil/]: Reading file /sys/devices/system/cpu/cpu4/cache/index1/level
[31Mar2026 00:26:23.142] [main/DEBUG] [oshi.util.FileUtil/]: Reading file /sys/devices/system/cpu/cpu4/cache/index1/type
[31Mar2026 00:26:23.142] [main/DEBUG] [oshi.util.FileUtil/]: Reading file /sys/devices/system/cpu/cpu4/cache/index1/type
[31Mar2026 00:26:23.142] [main/DEBUG] [oshi.util.FileUtil/]: Reading file /sys/devices/system/cpu/cpu4/cache/index1/ways_of_associativity
[31Mar2026 00:26:23.143] [main/DEBUG] [oshi.util.FileUtil/]: Reading file /sys/devices/system/cpu/cpu4/cache/index1/ways_of_associativity
[31Mar2026 00:26:23.143] [main/DEBUG] [oshi.util.FileUtil/]: Reading file /sys/devices/system/cpu/cpu4/cache/index1/coherency_line_size
[31Mar2026 00:26:23.143] [main/DEBUG] [oshi.util.FileUtil/]: Reading file /sys/devices/system/cpu/cpu4/cache/index1/coherency_line_size
[31Mar2026 00:26:23.143] [main/DEBUG] [oshi.util.FileUtil/]: Reading file /sys/devices/system/cpu/cpu4/cache/index1/size
[31Mar2026 00:26:23.143] [main/DEBUG] [oshi.util.FileUtil/]: Reading file /sys/devices/system/cpu/cpu4/cache/index1/size
[31Mar2026 00:26:23.143] [main/DEBUG] [oshi.util.FileUtil/]: Reading file /sys/devices/system/cpu/cpu5/topology/core_id
[31Mar2026 00:26:23.143] [main/DEBUG] [oshi.util.FileUtil/]: Reading file /sys/devices/system/cpu/cpu5/topology/core_id
[31Mar2026 00:26:23.143] [main/DEBUG] [oshi.util.FileUtil/]: Reading file /sys/devices/system/cpu/cpu5/topology/physical_package_id
[31Mar2026 00:26:23.143] [main/DEBUG] [oshi.util.FileUtil/]: Reading file /sys/devices/system/cpu/cpu5/topology/physical_package_id
[31Mar2026 00:26:23.143] [main/DEBUG] [oshi.util.FileUtil/]: Reading file /sys/devices/system/cpu/cpu5/cpu_capacity
[31Mar2026 00:26:23.143] [main/DEBUG] [oshi.util.FileUtil/]: Reading file /sys/devices/system/cpu/cpu5/cpu_capacity
[31Mar2026 00:26:23.143] [main/DEBUG] [oshi.util.FileUtil/]: Reading file /sys/devices/system/cpu/cpu5/cache/index2/level
[31Mar2026 00:26:23.143] [main/DEBUG] [oshi.util.FileUtil/]: Reading file /sys/devices/system/cpu/cpu5/cache/index2/level
[31Mar2026 00:26:23.143] [main/DEBUG] [oshi.util.FileUtil/]: Reading file /sys/devices/system/cpu/cpu5/cache/index2/type
[31Mar2026 00:26:23.144] [main/DEBUG] [oshi.util.FileUtil/]: Reading file /sys/devices/system/cpu/cpu5/cache/index2/type
[31Mar2026 00:26:23.144] [main/DEBUG] [oshi.util.FileUtil/]: Reading file /sys/devices/system/cpu/cpu5/cache/index2/ways_of_associativity
[31Mar2026 00:26:23.144] [main/DEBUG] [oshi.util.FileUtil/]: Reading file /sys/devices/system/cpu/cpu5/cache/index2/ways_of_associativity
[31Mar2026 00:26:23.144] [main/DEBUG] [oshi.util.FileUtil/]: Reading file /sys/devices/system/cpu/cpu5/cache/index2/coherency_line_size
[31Mar2026 00:26:23.144] [main/DEBUG] [oshi.util.FileUtil/]: Reading file /sys/devices/system/cpu/cpu5/cache/index2/coherency_line_size
[31Mar2026 00:26:23.144] [main/DEBUG] [oshi.util.FileUtil/]: Reading file /sys/devices/system/cpu/cpu5/cache/index2/size
[31Mar2026 00:26:23.144] [main/DEBUG] [oshi.util.FileUtil/]: Reading file /sys/devices/system/cpu/cpu5/cache/index2/size
[31Mar2026 00:26:23.144] [main/DEBUG] [oshi.util.FileUtil/]: Reading file /sys/devices/system/cpu/cpu5/cache/index0/level
[31Mar2026 00:26:23.144] [main/DEBUG] [oshi.util.FileUtil/]: Reading file /sys/devices/system/cpu/cpu5/cache/index0/level
[31Mar2026 00:26:23.144] [main/DEBUG] [oshi.util.FileUtil/]: Reading file /sys/devices/system/cpu/cpu5/cache/index0/type
[31Mar2026 00:26:23.144] [main/DEBUG] [oshi.util.FileUtil/]: Reading file /sys/devices/system/cpu/cpu5/cache/index0/type
[31Mar2026 00:26:23.144] [main/DEBUG] [oshi.util.FileUtil/]: Reading file /sys/devices/system/cpu/cpu5/cache/index0/ways_of_associativity
[31Mar2026 00:26:23.144] [main/DEBUG] [oshi.util.FileUtil/]: Reading file /sys/devices/system/cpu/cpu5/cache/index0/ways_of_associativity
[31Mar2026 00:26:23.144] [main/DEBUG] [oshi.util.FileUtil/]: Reading file /sys/devices/system/cpu/cpu5/cache/index0/coherency_line_size
[31Mar2026 00:26:23.144] [main/DEBUG] [oshi.util.FileUtil/]: Reading file /sys/devices/system/cpu/cpu5/cache/index0/coherency_line_size
[31Mar2026 00:26:23.144] [main/DEBUG] [oshi.util.FileUtil/]: Reading file /sys/devices/system/cpu/cpu5/cache/index0/size
[31Mar2026 00:26:23.144] [main/DEBUG] [oshi.util.FileUtil/]: Reading file /sys/devices/system/cpu/cpu5/cache/index0/size
[31Mar2026 00:26:23.144] [main/DEBUG] [oshi.util.FileUtil/]: Reading file /sys/devices/system/cpu/cpu5/cache/index3/level
[31Mar2026 00:26:23.144] [main/DEBUG] [oshi.util.FileUtil/]: Reading file /sys/devices/system/cpu/cpu5/cache/index3/level
[31Mar2026 00:26:23.144] [main/DEBUG] [oshi.util.FileUtil/]: Reading file /sys/devices/system/cpu/cpu5/cache/index3/type
[31Mar2026 00:26:23.144] [main/DEBUG] [oshi.util.FileUtil/]: Reading file /sys/devices/system/cpu/cpu5/cache/index3/type
[31Mar2026 00:26:23.144] [main/DEBUG] [oshi.util.FileUtil/]: Reading file /sys/devices/system/cpu/cpu5/cache/index3/ways_of_associativity
[31Mar2026 00:26:23.144] [main/DEBUG] [oshi.util.FileUtil/]: Reading file /sys/devices/system/cpu/cpu5/cache/index3/ways_of_associativity
[31Mar2026 00:26:23.144] [main/DEBUG] [oshi.util.FileUtil/]: Reading file /sys/devices/system/cpu/cpu5/cache/index3/coherency_line_size
[31Mar2026 00:26:23.144] [main/DEBUG] [oshi.util.FileUtil/]: Reading file /sys/devices/system/cpu/cpu5/cache/index3/coherency_line_size
[31Mar2026 00:26:23.144] [main/DEBUG] [oshi.util.FileUtil/]: Reading file /sys/devices/system/cpu/cpu5/cache/index3/size
[31Mar2026 00:26:23.144] [main/DEBUG] [oshi.util.FileUtil/]: Reading file /sys/devices/system/cpu/cpu5/cache/index3/size
[31Mar2026 00:26:23.145] [main/DEBUG] [oshi.util.FileUtil/]: Reading file /sys/devices/system/cpu/cpu5/cache/index1/level
[31Mar2026 00:26:23.145] [main/DEBUG] [oshi.util.FileUtil/]: Reading file /sys/devices/system/cpu/cpu5/cache/index1/level
[31Mar2026 00:26:23.145] [main/DEBUG] [oshi.util.FileUtil/]: Reading file /sys/devices/system/cpu/cpu5/cache/index1/type
[31Mar2026 00:26:23.145] [main/DEBUG] [oshi.util.FileUtil/]: Reading file /sys/devices/system/cpu/cpu5/cache/index1/type
[31Mar2026 00:26:23.145] [main/DEBUG] [oshi.util.FileUtil/]: Reading file /sys/devices/system/cpu/cpu5/cache/index1/ways_of_associativity
[31Mar2026 00:26:23.145] [main/DEBUG] [oshi.util.FileUtil/]: Reading file /sys/devices/system/cpu/cpu5/cache/index1/ways_of_associativity
[31Mar2026 00:26:23.145] [main/DEBUG] [oshi.util.FileUtil/]: Reading file /sys/devices/system/cpu/cpu5/cache/index1/coherency_line_size
[31Mar2026 00:26:23.145] [main/DEBUG] [oshi.util.FileUtil/]: Reading file /sys/devices/system/cpu/cpu5/cache/index1/coherency_line_size
[31Mar2026 00:26:23.145] [main/DEBUG] [oshi.util.FileUtil/]: Reading file /sys/devices/system/cpu/cpu5/cache/index1/size
[31Mar2026 00:26:23.145] [main/DEBUG] [oshi.util.FileUtil/]: Reading file /sys/devices/system/cpu/cpu5/cache/index1/size
[31Mar2026 00:26:23.145] [main/DEBUG] [oshi.util.FileUtil/]: Reading file /sys/devices/system/cpu/cpu6/topology/core_id
[31Mar2026 00:26:23.145] [main/DEBUG] [oshi.util.FileUtil/]: Reading file /sys/devices/system/cpu/cpu6/topology/core_id
[31Mar2026 00:26:23.145] [main/DEBUG] [oshi.util.FileUtil/]: Reading file /sys/devices/system/cpu/cpu6/topology/physical_package_id
[31Mar2026 00:26:23.145] [main/DEBUG] [oshi.util.FileUtil/]: Reading file /sys/devices/system/cpu/cpu6/topology/physical_package_id
[31Mar2026 00:26:23.145] [main/DEBUG] [oshi.util.FileUtil/]: Reading file /sys/devices/system/cpu/cpu6/cpu_capacity
[31Mar2026 00:26:23.145] [main/DEBUG] [oshi.util.FileUtil/]: Reading file /sys/devices/system/cpu/cpu6/cpu_capacity
[31Mar2026 00:26:23.145] [main/DEBUG] [oshi.util.FileUtil/]: Reading file /sys/devices/system/cpu/cpu6/cache/index2/level
[31Mar2026 00:26:23.146] [main/DEBUG] [oshi.util.FileUtil/]: Reading file /sys/devices/system/cpu/cpu6/cache/index2/level
[31Mar2026 00:26:23.146] [main/DEBUG] [oshi.util.FileUtil/]: Reading file /sys/devices/system/cpu/cpu6/cache/index2/type
[31Mar2026 00:26:23.146] [main/DEBUG] [oshi.util.FileUtil/]: Reading file /sys/devices/system/cpu/cpu6/cache/index2/type
[31Mar2026 00:26:23.146] [main/DEBUG] [oshi.util.FileUtil/]: Reading file /sys/devices/system/cpu/cpu6/cache/index2/ways_of_associativity
[31Mar2026 00:26:23.146] [main/DEBUG] [oshi.util.FileUtil/]: Reading file /sys/devices/system/cpu/cpu6/cache/index2/ways_of_associativity
[31Mar2026 00:26:23.146] [main/DEBUG] [oshi.util.FileUtil/]: Reading file /sys/devices/system/cpu/cpu6/cache/index2/coherency_line_size
[31Mar2026 00:26:23.146] [main/DEBUG] [oshi.util.FileUtil/]: Reading file /sys/devices/system/cpu/cpu6/cache/index2/coherency_line_size
[31Mar2026 00:26:23.146] [main/DEBUG] [oshi.util.FileUtil/]: Reading file /sys/devices/system/cpu/cpu6/cache/index2/size
[31Mar2026 00:26:23.146] [main/DEBUG] [oshi.util.FileUtil/]: Reading file /sys/devices/system/cpu/cpu6/cache/index2/size
[31Mar2026 00:26:23.146] [main/DEBUG] [oshi.util.FileUtil/]: Reading file /sys/devices/system/cpu/cpu6/cache/index0/level
[31Mar2026 00:26:23.146] [main/DEBUG] [oshi.util.FileUtil/]: Reading file /sys/devices/system/cpu/cpu6/cache/index0/level
[31Mar2026 00:26:23.146] [main/DEBUG] [oshi.util.FileUtil/]: Reading file /sys/devices/system/cpu/cpu6/cache/index0/type
[31Mar2026 00:26:23.146] [main/DEBUG] [oshi.util.FileUtil/]: Reading file /sys/devices/system/cpu/cpu6/cache/index0/type
[31Mar2026 00:26:23.146] [main/DEBUG] [oshi.util.FileUtil/]: Reading file /sys/devices/system/cpu/cpu6/cache/index0/ways_of_associativity
[31Mar2026 00:26:23.146] [main/DEBUG] [oshi.util.FileUtil/]: Reading file /sys/devices/system/cpu/cpu6/cache/index0/ways_of_associativity
[31Mar2026 00:26:23.146] [main/DEBUG] [oshi.util.FileUtil/]: Reading file /sys/devices/system/cpu/cpu6/cache/index0/coherency_line_size
[31Mar2026 00:26:23.146] [main/DEBUG] [oshi.util.FileUtil/]: Reading file /sys/devices/system/cpu/cpu6/cache/index0/coherency_line_size
[31Mar2026 00:26:23.146] [main/DEBUG] [oshi.util.FileUtil/]: Reading file /sys/devices/system/cpu/cpu6/cache/index0/size
[31Mar2026 00:26:23.146] [main/DEBUG] [oshi.util.FileUtil/]: Reading file /sys/devices/system/cpu/cpu6/cache/index0/size
[31Mar2026 00:26:23.146] [main/DEBUG] [oshi.util.FileUtil/]: Reading file /sys/devices/system/cpu/cpu6/cache/index3/level
[31Mar2026 00:26:23.146] [main/DEBUG] [oshi.util.FileUtil/]: Reading file /sys/devices/system/cpu/cpu6/cache/index3/level
[31Mar2026 00:26:23.146] [main/DEBUG] [oshi.util.FileUtil/]: Reading file /sys/devices/system/cpu/cpu6/cache/index3/type
[31Mar2026 00:26:23.146] [main/DEBUG] [oshi.util.FileUtil/]: Reading file /sys/devices/system/cpu/cpu6/cache/index3/type
[31Mar2026 00:26:23.146] [main/DEBUG] [oshi.util.FileUtil/]: Reading file /sys/devices/system/cpu/cpu6/cache/index3/ways_of_associativity
[31Mar2026 00:26:23.146] [main/DEBUG] [oshi.util.FileUtil/]: Reading file /sys/devices/system/cpu/cpu6/cache/index3/ways_of_associativity
[31Mar2026 00:26:23.146] [main/DEBUG] [oshi.util.FileUtil/]: Reading file /sys/devices/system/cpu/cpu6/cache/index3/coherency_line_size
[31Mar2026 00:26:23.146] [main/DEBUG] [oshi.util.FileUtil/]: Reading file /sys/devices/system/cpu/cpu6/cache/index3/coherency_line_size
[31Mar2026 00:26:23.146] [main/DEBUG] [oshi.util.FileUtil/]: Reading file /sys/devices/system/cpu/cpu6/cache/index3/size
[31Mar2026 00:26:23.146] [main/DEBUG] [oshi.util.FileUtil/]: Reading file /sys/devices/system/cpu/cpu6/cache/index3/size
[31Mar2026 00:26:23.146] [main/DEBUG] [oshi.util.FileUtil/]: Reading file /sys/devices/system/cpu/cpu6/cache/index1/level
[31Mar2026 00:26:23.146] [main/DEBUG] [oshi.util.FileUtil/]: Reading file /sys/devices/system/cpu/cpu6/cache/index1/level
[31Mar2026 00:26:23.146] [main/DEBUG] [oshi.util.FileUtil/]: Reading file /sys/devices/system/cpu/cpu6/cache/index1/type
[31Mar2026 00:26:23.147] [main/DEBUG] [oshi.util.FileUtil/]: Reading file /sys/devices/system/cpu/cpu6/cache/index1/type
[31Mar2026 00:26:23.147] [main/DEBUG] [oshi.util.FileUtil/]: Reading file /sys/devices/system/cpu/cpu6/cache/index1/ways_of_associativity
[31Mar2026 00:26:23.147] [main/DEBUG] [oshi.util.FileUtil/]: Reading file /sys/devices/system/cpu/cpu6/cache/index1/ways_of_associativity
[31Mar2026 00:26:23.147] [main/DEBUG] [oshi.util.FileUtil/]: Reading file /sys/devices/system/cpu/cpu6/cache/index1/coherency_line_size
[31Mar2026 00:26:23.147] [main/DEBUG] [oshi.util.FileUtil/]: Reading file /sys/devices/system/cpu/cpu6/cache/index1/coherency_line_size
[31Mar2026 00:26:23.147] [main/DEBUG] [oshi.util.FileUtil/]: Reading file /sys/devices/system/cpu/cpu6/cache/index1/size
[31Mar2026 00:26:23.147] [main/DEBUG] [oshi.util.FileUtil/]: Reading file /sys/devices/system/cpu/cpu6/cache/index1/size
[31Mar2026 00:26:23.147] [main/DEBUG] [oshi.util.FileUtil/]: Reading file /sys/devices/system/cpu/cpu7/topology/core_id
[31Mar2026 00:26:23.147] [main/DEBUG] [oshi.util.FileUtil/]: Reading file /sys/devices/system/cpu/cpu7/topology/core_id
[31Mar2026 00:26:23.147] [main/DEBUG] [oshi.util.FileUtil/]: Reading file /sys/devices/system/cpu/cpu7/topology/physical_package_id
[31Mar2026 00:26:23.147] [main/DEBUG] [oshi.util.FileUtil/]: Reading file /sys/devices/system/cpu/cpu7/topology/physical_package_id
[31Mar2026 00:26:23.147] [main/DEBUG] [oshi.util.FileUtil/]: Reading file /sys/devices/system/cpu/cpu7/cpu_capacity
[31Mar2026 00:26:23.147] [main/DEBUG] [oshi.util.FileUtil/]: Reading file /sys/devices/system/cpu/cpu7/cpu_capacity
[31Mar2026 00:26:23.147] [main/DEBUG] [oshi.util.FileUtil/]: Reading file /sys/devices/system/cpu/cpu7/cache/index2/level
[31Mar2026 00:26:23.147] [main/DEBUG] [oshi.util.FileUtil/]: Reading file /sys/devices/system/cpu/cpu7/cache/index2/level
[31Mar2026 00:26:23.147] [main/DEBUG] [oshi.util.FileUtil/]: Reading file /sys/devices/system/cpu/cpu7/cache/index2/type
[31Mar2026 00:26:23.147] [main/DEBUG] [oshi.util.FileUtil/]: Reading file /sys/devices/system/cpu/cpu7/cache/index2/type
[31Mar2026 00:26:23.147] [main/DEBUG] [oshi.util.FileUtil/]: Reading file /sys/devices/system/cpu/cpu7/cache/index2/ways_of_associativity
[31Mar2026 00:26:23.147] [main/DEBUG] [oshi.util.FileUtil/]: Reading file /sys/devices/system/cpu/cpu7/cache/index2/ways_of_associativity
[31Mar2026 00:26:23.147] [main/DEBUG] [oshi.util.FileUtil/]: Reading file /sys/devices/system/cpu/cpu7/cache/index2/coherency_line_size
[31Mar2026 00:26:23.147] [main/DEBUG] [oshi.util.FileUtil/]: Reading file /sys/devices/system/cpu/cpu7/cache/index2/coherency_line_size
[31Mar2026 00:26:23.147] [main/DEBUG] [oshi.util.FileUtil/]: Reading file /sys/devices/system/cpu/cpu7/cache/index2/size
[31Mar2026 00:26:23.148] [main/DEBUG] [oshi.util.FileUtil/]: Reading file /sys/devices/system/cpu/cpu7/cache/index2/size
[31Mar2026 00:26:23.148] [main/DEBUG] [oshi.util.FileUtil/]: Reading file /sys/devices/system/cpu/cpu7/cache/index0/level
[31Mar2026 00:26:23.148] [main/DEBUG] [oshi.util.FileUtil/]: Reading file /sys/devices/system/cpu/cpu7/cache/index0/level
[31Mar2026 00:26:23.148] [main/DEBUG] [oshi.util.FileUtil/]: Reading file /sys/devices/system/cpu/cpu7/cache/index0/type
[31Mar2026 00:26:23.148] [main/DEBUG] [oshi.util.FileUtil/]: Reading file /sys/devices/system/cpu/cpu7/cache/index0/type
[31Mar2026 00:26:23.148] [main/DEBUG] [oshi.util.FileUtil/]: Reading file /sys/devices/system/cpu/cpu7/cache/index0/ways_of_associativity
[31Mar2026 00:26:23.148] [main/DEBUG] [oshi.util.FileUtil/]: Reading file /sys/devices/system/cpu/cpu7/cache/index0/ways_of_associativity
[31Mar2026 00:26:23.148] [main/DEBUG] [oshi.util.FileUtil/]: Reading file /sys/devices/system/cpu/cpu7/cache/index0/coherency_line_size
[31Mar2026 00:26:23.148] [main/DEBUG] [oshi.util.FileUtil/]: Reading file /sys/devices/system/cpu/cpu7/cache/index0/coherency_line_size
[31Mar2026 00:26:23.148] [main/DEBUG] [oshi.util.FileUtil/]: Reading file /sys/devices/system/cpu/cpu7/cache/index0/size
[31Mar2026 00:26:23.148] [main/DEBUG] [oshi.util.FileUtil/]: Reading file /sys/devices/system/cpu/cpu7/cache/index0/size
[31Mar2026 00:26:23.148] [main/DEBUG] [oshi.util.FileUtil/]: Reading file /sys/devices/system/cpu/cpu7/cache/index3/level
[31Mar2026 00:26:23.148] [main/DEBUG] [oshi.util.FileUtil/]: Reading file /sys/devices/system/cpu/cpu7/cache/index3/level
[31Mar2026 00:26:23.148] [main/DEBUG] [oshi.util.FileUtil/]: Reading file /sys/devices/system/cpu/cpu7/cache/index3/type
[31Mar2026 00:26:23.148] [main/DEBUG] [oshi.util.FileUtil/]: Reading file /sys/devices/system/cpu/cpu7/cache/index3/type
[31Mar2026 00:26:23.148] [main/DEBUG] [oshi.util.FileUtil/]: Reading file /sys/devices/system/cpu/cpu7/cache/index3/ways_of_associativity
[31Mar2026 00:26:23.148] [main/DEBUG] [oshi.util.FileUtil/]: Reading file /sys/devices/system/cpu/cpu7/cache/index3/ways_of_associativity
[31Mar2026 00:26:23.148] [main/DEBUG] [oshi.util.FileUtil/]: Reading file /sys/devices/system/cpu/cpu7/cache/index3/coherency_line_size
[31Mar2026 00:26:23.148] [main/DEBUG] [oshi.util.FileUtil/]: Reading file /sys/devices/system/cpu/cpu7/cache/index3/coherency_line_size
[31Mar2026 00:26:23.148] [main/DEBUG] [oshi.util.FileUtil/]: Reading file /sys/devices/system/cpu/cpu7/cache/index3/size
[31Mar2026 00:26:23.148] [main/DEBUG] [oshi.util.FileUtil/]: Reading file /sys/devices/system/cpu/cpu7/cache/index3/size
[31Mar2026 00:26:23.148] [main/DEBUG] [oshi.util.FileUtil/]: Reading file /sys/devices/system/cpu/cpu7/cache/index1/level
[31Mar2026 00:26:23.148] [main/DEBUG] [oshi.util.FileUtil/]: Reading file /sys/devices/system/cpu/cpu7/cache/index1/level
[31Mar2026 00:26:23.148] [main/DEBUG] [oshi.util.FileUtil/]: Reading file /sys/devices/system/cpu/cpu7/cache/index1/type
[31Mar2026 00:26:23.148] [main/DEBUG] [oshi.util.FileUtil/]: Reading file /sys/devices/system/cpu/cpu7/cache/index1/type
[31Mar2026 00:26:23.148] [main/DEBUG] [oshi.util.FileUtil/]: Reading file /sys/devices/system/cpu/cpu7/cache/index1/ways_of_associativity
[31Mar2026 00:26:23.148] [main/DEBUG] [oshi.util.FileUtil/]: Reading file /sys/devices/system/cpu/cpu7/cache/index1/ways_of_associativity
[31Mar2026 00:26:23.148] [main/DEBUG] [oshi.util.FileUtil/]: Reading file /sys/devices/system/cpu/cpu7/cache/index1/coherency_line_size
[31Mar2026 00:26:23.148] [main/DEBUG] [oshi.util.FileUtil/]: Reading file /sys/devices/system/cpu/cpu7/cache/index1/coherency_line_size
[31Mar2026 00:26:23.148] [main/DEBUG] [oshi.util.FileUtil/]: Reading file /sys/devices/system/cpu/cpu7/cache/index1/size
[31Mar2026 00:26:23.149] [main/DEBUG] [oshi.util.FileUtil/]: Reading file /sys/devices/system/cpu/cpu7/cache/index1/size
[31Mar2026 00:26:23.149] [main/DEBUG] [oshi.util.FileUtil/]: Reading file /sys/devices/system/cpu/cpu8/topology/core_id
[31Mar2026 00:26:23.149] [main/DEBUG] [oshi.util.FileUtil/]: Reading file /sys/devices/system/cpu/cpu8/topology/core_id
[31Mar2026 00:26:23.149] [main/DEBUG] [oshi.util.FileUtil/]: Reading file /sys/devices/system/cpu/cpu8/topology/physical_package_id
[31Mar2026 00:26:23.149] [main/DEBUG] [oshi.util.FileUtil/]: Reading file /sys/devices/system/cpu/cpu8/topology/physical_package_id
[31Mar2026 00:26:23.149] [main/DEBUG] [oshi.util.FileUtil/]: Reading file /sys/devices/system/cpu/cpu8/cpu_capacity
[31Mar2026 00:26:23.149] [main/DEBUG] [oshi.util.FileUtil/]: Reading file /sys/devices/system/cpu/cpu8/cpu_capacity
[31Mar2026 00:26:23.149] [main/DEBUG] [oshi.util.FileUtil/]: Reading file /sys/devices/system/cpu/cpu8/cache/index2/level
[31Mar2026 00:26:23.149] [main/DEBUG] [oshi.util.FileUtil/]: Reading file /sys/devices/system/cpu/cpu8/cache/index2/level
[31Mar2026 00:26:23.149] [main/DEBUG] [oshi.util.FileUtil/]: Reading file /sys/devices/system/cpu/cpu8/cache/index2/type
[31Mar2026 00:26:23.149] [main/DEBUG] [oshi.util.FileUtil/]: Reading file /sys/devices/system/cpu/cpu8/cache/index2/type
[31Mar2026 00:26:23.149] [main/DEBUG] [oshi.util.FileUtil/]: Reading file /sys/devices/system/cpu/cpu8/cache/index2/ways_of_associativity
[31Mar2026 00:26:23.149] [main/DEBUG] [oshi.util.FileUtil/]: Reading file /sys/devices/system/cpu/cpu8/cache/index2/ways_of_associativity
[31Mar2026 00:26:23.149] [main/DEBUG] [oshi.util.FileUtil/]: Reading file /sys/devices/system/cpu/cpu8/cache/index2/coherency_line_size
[31Mar2026 00:26:23.149] [main/DEBUG] [oshi.util.FileUtil/]: Reading file /sys/devices/system/cpu/cpu8/cache/index2/coherency_line_size
[31Mar2026 00:26:23.149] [main/DEBUG] [oshi.util.FileUtil/]: Reading file /sys/devices/system/cpu/cpu8/cache/index2/size
[31Mar2026 00:26:23.149] [main/DEBUG] [oshi.util.FileUtil/]: Reading file /sys/devices/system/cpu/cpu8/cache/index2/size
[31Mar2026 00:26:23.149] [main/DEBUG] [oshi.util.FileUtil/]: Reading file /sys/devices/system/cpu/cpu8/cache/index0/level
[31Mar2026 00:26:23.149] [main/DEBUG] [oshi.util.FileUtil/]: Reading file /sys/devices/system/cpu/cpu8/cache/index0/level
[31Mar2026 00:26:23.149] [main/DEBUG] [oshi.util.FileUtil/]: Reading file /sys/devices/system/cpu/cpu8/cache/index0/type
[31Mar2026 00:26:23.149] [main/DEBUG] [oshi.util.FileUtil/]: Reading file /sys/devices/system/cpu/cpu8/cache/index0/type
[31Mar2026 00:26:23.149] [main/DEBUG] [oshi.util.FileUtil/]: Reading file /sys/devices/system/cpu/cpu8/cache/index0/ways_of_associativity
[31Mar2026 00:26:23.149] [main/DEBUG] [oshi.util.FileUtil/]: Reading file /sys/devices/system/cpu/cpu8/cache/index0/ways_of_associativity
[31Mar2026 00:26:23.150] [main/DEBUG] [oshi.util.FileUtil/]: Reading file /sys/devices/system/cpu/cpu8/cache/index0/coherency_line_size
[31Mar2026 00:26:23.150] [main/DEBUG] [oshi.util.FileUtil/]: Reading file /sys/devices/system/cpu/cpu8/cache/index0/coherency_line_size
[31Mar2026 00:26:23.150] [main/DEBUG] [oshi.util.FileUtil/]: Reading file /sys/devices/system/cpu/cpu8/cache/index0/size
[31Mar2026 00:26:23.150] [main/DEBUG] [oshi.util.FileUtil/]: Reading file /sys/devices/system/cpu/cpu8/cache/index0/size
[31Mar2026 00:26:23.150] [main/DEBUG] [oshi.util.FileUtil/]: Reading file /sys/devices/system/cpu/cpu8/cache/index3/level
[31Mar2026 00:26:23.150] [main/DEBUG] [oshi.util.FileUtil/]: Reading file /sys/devices/system/cpu/cpu8/cache/index3/level
[31Mar2026 00:26:23.150] [main/DEBUG] [oshi.util.FileUtil/]: Reading file /sys/devices/system/cpu/cpu8/cache/index3/type
[31Mar2026 00:26:23.150] [main/DEBUG] [oshi.util.FileUtil/]: Reading file /sys/devices/system/cpu/cpu8/cache/index3/type
[31Mar2026 00:26:23.150] [main/DEBUG] [oshi.util.FileUtil/]: Reading file /sys/devices/system/cpu/cpu8/cache/index3/ways_of_associativity
[31Mar2026 00:26:23.150] [main/DEBUG] [oshi.util.FileUtil/]: Reading file /sys/devices/system/cpu/cpu8/cache/index3/ways_of_associativity
[31Mar2026 00:26:23.150] [main/DEBUG] [oshi.util.FileUtil/]: Reading file /sys/devices/system/cpu/cpu8/cache/index3/coherency_line_size
[31Mar2026 00:26:23.150] [main/DEBUG] [oshi.util.FileUtil/]: Reading file /sys/devices/system/cpu/cpu8/cache/index3/coherency_line_size
[31Mar2026 00:26:23.150] [main/DEBUG] [oshi.util.FileUtil/]: Reading file /sys/devices/system/cpu/cpu8/cache/index3/size
[31Mar2026 00:26:23.150] [main/DEBUG] [oshi.util.FileUtil/]: Reading file /sys/devices/system/cpu/cpu8/cache/index3/size
[31Mar2026 00:26:23.150] [main/DEBUG] [oshi.util.FileUtil/]: Reading file /sys/devices/system/cpu/cpu8/cache/index1/level
[31Mar2026 00:26:23.150] [main/DEBUG] [oshi.util.FileUtil/]: Reading file /sys/devices/system/cpu/cpu8/cache/index1/level
[31Mar2026 00:26:23.150] [main/DEBUG] [oshi.util.FileUtil/]: Reading file /sys/devices/system/cpu/cpu8/cache/index1/type
[31Mar2026 00:26:23.150] [main/DEBUG] [oshi.util.FileUtil/]: Reading file /sys/devices/system/cpu/cpu8/cache/index1/type
[31Mar2026 00:26:23.150] [main/DEBUG] [oshi.util.FileUtil/]: Reading file /sys/devices/system/cpu/cpu8/cache/index1/ways_of_associativity
[31Mar2026 00:26:23.150] [main/DEBUG] [oshi.util.FileUtil/]: Reading file /sys/devices/system/cpu/cpu8/cache/index1/ways_of_associativity
[31Mar2026 00:26:23.150] [main/DEBUG] [oshi.util.FileUtil/]: Reading file /sys/devices/system/cpu/cpu8/cache/index1/coherency_line_size
[31Mar2026 00:26:23.150] [main/DEBUG] [oshi.util.FileUtil/]: Reading file /sys/devices/system/cpu/cpu8/cache/index1/coherency_line_size
[31Mar2026 00:26:23.150] [main/DEBUG] [oshi.util.FileUtil/]: Reading file /sys/devices/system/cpu/cpu8/cache/index1/size
[31Mar2026 00:26:23.150] [main/DEBUG] [oshi.util.FileUtil/]: Reading file /sys/devices/system/cpu/cpu8/cache/index1/size
[31Mar2026 00:26:23.151] [main/DEBUG] [oshi.util.FileUtil/]: Reading file /sys/devices/system/cpu/cpu9/topology/core_id
[31Mar2026 00:26:23.151] [main/DEBUG] [oshi.util.FileUtil/]: Reading file /sys/devices/system/cpu/cpu9/topology/core_id
[31Mar2026 00:26:23.151] [main/DEBUG] [oshi.util.FileUtil/]: Reading file /sys/devices/system/cpu/cpu9/topology/physical_package_id
[31Mar2026 00:26:23.151] [main/DEBUG] [oshi.util.FileUtil/]: Reading file /sys/devices/system/cpu/cpu9/topology/physical_package_id
[31Mar2026 00:26:23.151] [main/DEBUG] [oshi.util.FileUtil/]: Reading file /sys/devices/system/cpu/cpu9/cpu_capacity
[31Mar2026 00:26:23.151] [main/DEBUG] [oshi.util.FileUtil/]: Reading file /sys/devices/system/cpu/cpu9/cpu_capacity
[31Mar2026 00:26:23.151] [main/DEBUG] [oshi.util.FileUtil/]: Reading file /sys/devices/system/cpu/cpu9/cache/index2/level
[31Mar2026 00:26:23.151] [main/DEBUG] [oshi.util.FileUtil/]: Reading file /sys/devices/system/cpu/cpu9/cache/index2/level
[31Mar2026 00:26:23.151] [main/DEBUG] [oshi.util.FileUtil/]: Reading file /sys/devices/system/cpu/cpu9/cache/index2/type
[31Mar2026 00:26:23.151] [main/DEBUG] [oshi.util.FileUtil/]: Reading file /sys/devices/system/cpu/cpu9/cache/index2/type
[31Mar2026 00:26:23.151] [main/DEBUG] [oshi.util.FileUtil/]: Reading file /sys/devices/system/cpu/cpu9/cache/index2/ways_of_associativity
[31Mar2026 00:26:23.151] [main/DEBUG] [oshi.util.FileUtil/]: Reading file /sys/devices/system/cpu/cpu9/cache/index2/ways_of_associativity
[31Mar2026 00:26:23.151] [main/DEBUG] [oshi.util.FileUtil/]: Reading file /sys/devices/system/cpu/cpu9/cache/index2/coherency_line_size
[31Mar2026 00:26:23.151] [main/DEBUG] [oshi.util.FileUtil/]: Reading file /sys/devices/system/cpu/cpu9/cache/index2/coherency_line_size
[31Mar2026 00:26:23.151] [main/DEBUG] [oshi.util.FileUtil/]: Reading file /sys/devices/system/cpu/cpu9/cache/index2/size
[31Mar2026 00:26:23.151] [main/DEBUG] [oshi.util.FileUtil/]: Reading file /sys/devices/system/cpu/cpu9/cache/index2/size
[31Mar2026 00:26:23.151] [main/DEBUG] [oshi.util.FileUtil/]: Reading file /sys/devices/system/cpu/cpu9/cache/index0/level
[31Mar2026 00:26:23.151] [main/DEBUG] [oshi.util.FileUtil/]: Reading file /sys/devices/system/cpu/cpu9/cache/index0/level
[31Mar2026 00:26:23.151] [main/DEBUG] [oshi.util.FileUtil/]: Reading file /sys/devices/system/cpu/cpu9/cache/index0/type
[31Mar2026 00:26:23.152] [main/DEBUG] [oshi.util.FileUtil/]: Reading file /sys/devices/system/cpu/cpu9/cache/index0/type
[31Mar2026 00:26:23.152] [main/DEBUG] [oshi.util.FileUtil/]: Reading file /sys/devices/system/cpu/cpu9/cache/index0/ways_of_associativity
[31Mar2026 00:26:23.152] [main/DEBUG] [oshi.util.FileUtil/]: Reading file /sys/devices/system/cpu/cpu9/cache/index0/ways_of_associativity
[31Mar2026 00:26:23.152] [main/DEBUG] [oshi.util.FileUtil/]: Reading file /sys/devices/system/cpu/cpu9/cache/index0/coherency_line_size
[31Mar2026 00:26:23.152] [main/DEBUG] [oshi.util.FileUtil/]: Reading file /sys/devices/system/cpu/cpu9/cache/index0/coherency_line_size
[31Mar2026 00:26:23.152] [main/DEBUG] [oshi.util.FileUtil/]: Reading file /sys/devices/system/cpu/cpu9/cache/index0/size
[31Mar2026 00:26:23.152] [main/DEBUG] [oshi.util.FileUtil/]: Reading file /sys/devices/system/cpu/cpu9/cache/index0/size
[31Mar2026 00:26:23.152] [main/DEBUG] [oshi.util.FileUtil/]: Reading file /sys/devices/system/cpu/cpu9/cache/index3/level
[31Mar2026 00:26:23.152] [main/DEBUG] [oshi.util.FileUtil/]: Reading file /sys/devices/system/cpu/cpu9/cache/index3/level
[31Mar2026 00:26:23.152] [main/DEBUG] [oshi.util.FileUtil/]: Reading file /sys/devices/system/cpu/cpu9/cache/index3/type
[31Mar2026 00:26:23.152] [main/DEBUG] [oshi.util.FileUtil/]: Reading file /sys/devices/system/cpu/cpu9/cache/index3/type
[31Mar2026 00:26:23.152] [main/DEBUG] [oshi.util.FileUtil/]: Reading file /sys/devices/system/cpu/cpu9/cache/index3/ways_of_associativity
[31Mar2026 00:26:23.152] [main/DEBUG] [oshi.util.FileUtil/]: Reading file /sys/devices/system/cpu/cpu9/cache/index3/ways_of_associativity
[31Mar2026 00:26:23.152] [main/DEBUG] [oshi.util.FileUtil/]: Reading file /sys/devices/system/cpu/cpu9/cache/index3/coherency_line_size
[31Mar2026 00:26:23.152] [main/DEBUG] [oshi.util.FileUtil/]: Reading file /sys/devices/system/cpu/cpu9/cache/index3/coherency_line_size
[31Mar2026 00:26:23.152] [main/DEBUG] [oshi.util.FileUtil/]: Reading file /sys/devices/system/cpu/cpu9/cache/index3/size
[31Mar2026 00:26:23.152] [main/DEBUG] [oshi.util.FileUtil/]: Reading file /sys/devices/system/cpu/cpu9/cache/index3/size
[31Mar2026 00:26:23.152] [main/DEBUG] [oshi.util.FileUtil/]: Reading file /sys/devices/system/cpu/cpu9/cache/index1/level
[31Mar2026 00:26:23.152] [main/DEBUG] [oshi.util.FileUtil/]: Reading file /sys/devices/system/cpu/cpu9/cache/index1/level
[31Mar2026 00:26:23.152] [main/DEBUG] [oshi.util.FileUtil/]: Reading file /sys/devices/system/cpu/cpu9/cache/index1/type
[31Mar2026 00:26:23.152] [main/DEBUG] [oshi.util.FileUtil/]: Reading file /sys/devices/system/cpu/cpu9/cache/index1/type
[31Mar2026 00:26:23.152] [main/DEBUG] [oshi.util.FileUtil/]: Reading file /sys/devices/system/cpu/cpu9/cache/index1/ways_of_associativity
[31Mar2026 00:26:23.152] [main/DEBUG] [oshi.util.FileUtil/]: Reading file /sys/devices/system/cpu/cpu9/cache/index1/ways_of_associativity
[31Mar2026 00:26:23.152] [main/DEBUG] [oshi.util.FileUtil/]: Reading file /sys/devices/system/cpu/cpu9/cache/index1/coherency_line_size
[31Mar2026 00:26:23.152] [main/DEBUG] [oshi.util.FileUtil/]: Reading file /sys/devices/system/cpu/cpu9/cache/index1/coherency_line_size
[31Mar2026 00:26:23.152] [main/DEBUG] [oshi.util.FileUtil/]: Reading file /sys/devices/system/cpu/cpu9/cache/index1/size
[31Mar2026 00:26:23.152] [main/DEBUG] [oshi.util.FileUtil/]: Reading file /sys/devices/system/cpu/cpu9/cache/index1/size
[31Mar2026 00:26:23.154] [main/DEBUG] [oshi.util.FileUtil/]: Reading file /proc/cpuinfo
[31Mar2026 00:26:23.160] [main/DEBUG] [oshi.util.FileUtil/]: Reading file /proc/self/auxv
[31Mar2026 00:26:23.162] [main/DEBUG] [oshi.util.FileUtil/]: No oshi.architecture.properties file found from ClassLoader cpw.mods.modlauncher.TransformingClassLoader@2a1debfa
[31Mar2026 00:26:23.193] [main/DEBUG] [oshi.util.FileUtil/]: Reading file /proc/meminfo
[31Mar2026 00:26:23.193] [main/DEBUG] [oshi.util.FileUtil/]: Reading file /proc/meminfo
[31Mar2026 00:26:23.217] [pool-7-thread-1/INFO] [MixinExtras|Service/]: Initializing MixinExtras via com.llamalad7.mixinextras.service.MixinExtrasServiceImpl(version=0.5.0).
[31Mar2026 00:26:23.218] [pool-7-thread-1/DEBUG] [mixin/]: Registering new injector for @SugarWrapper with com.llamalad7.mixinextras.sugar.impl.SugarWrapperInjectionInfo
[31Mar2026 00:26:23.219] [pool-7-thread-1/DEBUG] [mixin/]: Registering new injector for @FactoryRedirectWrapper with com.llamalad7.mixinextras.wrapper.factory.FactoryRedirectWrapperInjectionInfo
[31Mar2026 00:26:23.219] [pool-7-thread-1/DEBUG] [mixin/]: Registering new injector for @ExpressionInjectorWrapper with com.llamalad7.mixinextras.expression.impl.wrapper.ExpressionInjectorWrapperInjectionInfo
[31Mar2026 00:26:23.228] [pool-7-thread-1/DEBUG] [mixin/]: Mixing MappedRegistryAccessor from neoforge.mixins.json into net.minecraft.core.MappedRegistry
[31Mar2026 00:26:23.230] [Datafixer Bootstrap/INFO] [com.mojang.datafixers.DataFixerBuilder/]: 229 Datafixer optimizations took 195 milliseconds
[31Mar2026 00:26:23.230] [pool-7-thread-1/DEBUG] [mixin/]: neoforge.mixins.json:MappedRegistryAccessor from mod neoforge: Class version 65 required is higher than the class version supported by the current version of Mixin (JAVA_16 supports class version 60)
[31Mar2026 00:26:23.839] [pool-7-thread-1/DEBUG] [mixin/]: Mixing BlockEntityTypeAccessor from neoforge.mixins.json into net.minecraft.world.level.block.entity.BlockEntityType
[31Mar2026 00:26:23.839] [pool-7-thread-1/DEBUG] [mixin/]: neoforge.mixins.json:BlockEntityTypeAccessor from mod neoforge: Class version 65 required is higher than the class version supported by the current version of Mixin (JAVA_16 supports class version 60)
[31Mar2026 00:26:24.730] [pool-7-thread-1/DEBUG] [io.netty.util.internal.PlatformDependent0/]: -Dio.netty.noUnsafe: false
[31Mar2026 00:26:24.730] [pool-7-thread-1/DEBUG] [io.netty.util.internal.PlatformDependent0/]: Java version: 21
[31Mar2026 00:26:24.731] [pool-7-thread-1/DEBUG] [io.netty.util.internal.PlatformDependent0/]: sun.misc.Unsafe.theUnsafe: available
[31Mar2026 00:26:24.731] [pool-7-thread-1/DEBUG] [io.netty.util.internal.PlatformDependent0/]: sun.misc.Unsafe.copyMemory: available
[31Mar2026 00:26:24.731] [pool-7-thread-1/DEBUG] [io.netty.util.internal.PlatformDependent0/]: sun.misc.Unsafe.storeFence: available
[31Mar2026 00:26:24.731] [pool-7-thread-1/DEBUG] [io.netty.util.internal.PlatformDependent0/]: java.nio.Buffer.address: available
[31Mar2026 00:26:24.732] [pool-7-thread-1/DEBUG] [io.netty.util.internal.PlatformDependent0/]: direct buffer constructor: unavailable: Reflective setAccessible(true) disabled
[31Mar2026 00:26:24.732] [pool-7-thread-1/DEBUG] [io.netty.util.internal.PlatformDependent0/]: java.nio.Bits.unaligned: available, true
[31Mar2026 00:26:24.733] [pool-7-thread-1/DEBUG] [io.netty.util.internal.PlatformDependent0/]: jdk.internal.misc.Unsafe.allocateUninitializedArray(int): unavailable: class io.netty.util.internal.PlatformDependent0$7 (in module io.netty.common) cannot access class jdk.internal.misc.Unsafe (in module java.base) because module java.base does not export jdk.internal.misc to module io.netty.common
[31Mar2026 00:26:24.733] [pool-7-thread-1/DEBUG] [io.netty.util.internal.PlatformDependent0/]: java.nio.DirectByteBuffer.<init>(long, {int,long}): unavailable
[31Mar2026 00:26:24.733] [pool-7-thread-1/DEBUG] [io.netty.util.internal.PlatformDependent/]: sun.misc.Unsafe: available
[31Mar2026 00:26:24.734] [pool-7-thread-1/DEBUG] [io.netty.util.internal.PlatformDependent/]: maxDirectMemory: 8396996608 bytes (maybe)
[31Mar2026 00:26:24.734] [pool-7-thread-1/DEBUG] [io.netty.util.internal.PlatformDependent/]: -Dio.netty.tmpdir: /tmp (java.io.tmpdir)
[31Mar2026 00:26:24.734] [pool-7-thread-1/DEBUG] [io.netty.util.internal.PlatformDependent/]: -Dio.netty.bitMode: 64 (sun.arch.data.model)
[31Mar2026 00:26:24.734] [pool-7-thread-1/DEBUG] [io.netty.util.internal.PlatformDependent/]: -Dio.netty.maxDirectMemory: -1 bytes
[31Mar2026 00:26:24.734] [pool-7-thread-1/DEBUG] [io.netty.util.internal.PlatformDependent/]: -Dio.netty.uninitializedArrayAllocationThreshold: -1
[31Mar2026 00:26:24.735] [pool-7-thread-1/DEBUG] [io.netty.util.internal.CleanerJava9/]: java.nio.ByteBuffer.cleaner(): available
[31Mar2026 00:26:24.735] [pool-7-thread-1/DEBUG] [io.netty.util.internal.PlatformDependent/]: -Dio.netty.noPreferDirect: false
[31Mar2026 00:26:26.434] [main/WARN] [net.minecraft.commands.Commands/]: Ambiguity between arguments [teleport, location] and [teleport, destination] with inputs: [0.1 -0.5 .9, 0 0 0]
[31Mar2026 00:26:26.435] [main/WARN] [net.minecraft.commands.Commands/]: Ambiguity between arguments [teleport, location] and [teleport, targets] with inputs: [0.1 -0.5 .9, 0 0 0]
[31Mar2026 00:26:26.438] [main/WARN] [net.minecraft.commands.Commands/]: Ambiguity between arguments [teleport, destination] and [teleport, targets] with inputs: [Player, 0123, @e, dd12be42-52a9-4a91-a8a1-11c01849e498]
[31Mar2026 00:26:26.439] [main/WARN] [net.minecraft.commands.Commands/]: Ambiguity between arguments [teleport, targets] and [teleport, destination] with inputs: [Player, 0123, dd12be42-52a9-4a91-a8a1-11c01849e498]
[31Mar2026 00:26:26.440] [main/WARN] [net.minecraft.commands.Commands/]: Ambiguity between arguments [teleport, targets, location] and [teleport, targets, destination] with inputs: [0.1 -0.5 .9, 0 0 0]
[31Mar2026 00:26:26.563] [Render thread/WARN] [net.minecraft.server.packs.VanillaPackResourcesBuilder/]: Assets URL 'union:/home/john/IdeaProjects/GlitchMod/build/moddev/artifacts/neoforge-21.1.219.jar%23177!/assets/.mcassetsroot' uses unexpected schema
[31Mar2026 00:26:26.565] [Render thread/WARN] [net.minecraft.server.packs.VanillaPackResourcesBuilder/]: Assets URL 'union:/home/john/IdeaProjects/GlitchMod/build/moddev/artifacts/neoforge-21.1.219.jar%23177!/data/.mcassetsroot' uses unexpected schema
[31Mar2026 00:26:26.591] [Render thread/INFO] [com.mojang.authlib.yggdrasil.YggdrasilAuthenticationService/]: Environment: Environment[sessionHost=https://sessionserver.mojang.com, servicesHost=https://api.minecraftservices.com, name=PROD]
[31Mar2026 00:26:26.612] [Render thread/INFO] [net.minecraft.client.Minecraft/]: Setting user: Dev
[31Mar2026 00:26:26.681] [Render thread/INFO] [net.minecraft.client.Minecraft/]: Backend library: LWJGL version 3.3.3+5
[31Mar2026 00:26:26.744] [Render thread/DEBUG] [oshi.util.FileUtil/]: Reading file /sys/devices/system/cpu/cpu0/topology/core_id
[31Mar2026 00:26:26.744] [Render thread/DEBUG] [oshi.util.FileUtil/]: Reading file /sys/devices/system/cpu/cpu0/topology/core_id
[31Mar2026 00:26:26.744] [Render thread/DEBUG] [oshi.util.FileUtil/]: Reading file /sys/devices/system/cpu/cpu0/topology/physical_package_id
[31Mar2026 00:26:26.744] [Render thread/DEBUG] [oshi.util.FileUtil/]: Reading file /sys/devices/system/cpu/cpu0/topology/physical_package_id
[31Mar2026 00:26:26.744] [Render thread/DEBUG] [oshi.util.FileUtil/]: Reading file /sys/devices/system/cpu/cpu0/cpu_capacity
[31Mar2026 00:26:26.744] [Render thread/DEBUG] [oshi.util.FileUtil/]: Reading file /sys/devices/system/cpu/cpu0/cpu_capacity
[31Mar2026 00:26:26.745] [Render thread/DEBUG] [oshi.util.FileUtil/]: Reading file /sys/devices/system/cpu/cpu0/cache/index2/level
[31Mar2026 00:26:26.745] [Render thread/DEBUG] [oshi.util.FileUtil/]: Reading file /sys/devices/system/cpu/cpu0/cache/index2/level
[31Mar2026 00:26:26.745] [Render thread/DEBUG] [oshi.util.FileUtil/]: Reading file /sys/devices/system/cpu/cpu0/cache/index2/type
[31Mar2026 00:26:26.745] [Render thread/DEBUG] [oshi.util.FileUtil/]: Reading file /sys/devices/system/cpu/cpu0/cache/index2/type
[31Mar2026 00:26:26.745] [Render thread/DEBUG] [oshi.util.FileUtil/]: Reading file /sys/devices/system/cpu/cpu0/cache/index2/ways_of_associativity
[31Mar2026 00:26:26.745] [Render thread/DEBUG] [oshi.util.FileUtil/]: Reading file /sys/devices/system/cpu/cpu0/cache/index2/ways_of_associativity
[31Mar2026 00:26:26.745] [Render thread/DEBUG] [oshi.util.FileUtil/]: Reading file /sys/devices/system/cpu/cpu0/cache/index2/coherency_line_size
[31Mar2026 00:26:26.745] [Render thread/DEBUG] [oshi.util.FileUtil/]: Reading file /sys/devices/system/cpu/cpu0/cache/index2/coherency_line_size
[31Mar2026 00:26:26.745] [Render thread/DEBUG] [oshi.util.FileUtil/]: Reading file /sys/devices/system/cpu/cpu0/cache/index2/size
[31Mar2026 00:26:26.745] [Render thread/DEBUG] [oshi.util.FileUtil/]: Reading file /sys/devices/system/cpu/cpu0/cache/index2/size
[31Mar2026 00:26:26.745] [Render thread/DEBUG] [oshi.util.FileUtil/]: Reading file /sys/devices/system/cpu/cpu0/cache/index0/level
[31Mar2026 00:26:26.745] [Render thread/DEBUG] [oshi.util.FileUtil/]: Reading file /sys/devices/system/cpu/cpu0/cache/index0/level
[31Mar2026 00:26:26.745] [Render thread/DEBUG] [oshi.util.FileUtil/]: Reading file /sys/devices/system/cpu/cpu0/cache/index0/type
[31Mar2026 00:26:26.745] [Render thread/DEBUG] [oshi.util.FileUtil/]: Reading file /sys/devices/system/cpu/cpu0/cache/index0/type
[31Mar2026 00:26:26.745] [Render thread/DEBUG] [oshi.util.FileUtil/]: Reading file /sys/devices/system/cpu/cpu0/cache/index0/ways_of_associativity
[31Mar2026 00:26:26.745] [Render thread/DEBUG] [oshi.util.FileUtil/]: Reading file /sys/devices/system/cpu/cpu0/cache/index0/ways_of_associativity
[31Mar2026 00:26:26.745] [Render thread/DEBUG] [oshi.util.FileUtil/]: Reading file /sys/devices/system/cpu/cpu0/cache/index0/coherency_line_size
[31Mar2026 00:26:26.745] [Render thread/DEBUG] [oshi.util.FileUtil/]: Reading file /sys/devices/system/cpu/cpu0/cache/index0/coherency_line_size
[31Mar2026 00:26:26.745] [Render thread/DEBUG] [oshi.util.FileUtil/]: Reading file /sys/devices/system/cpu/cpu0/cache/index0/size
[31Mar2026 00:26:26.745] [Render thread/DEBUG] [oshi.util.FileUtil/]: Reading file /sys/devices/system/cpu/cpu0/cache/index0/size
[31Mar2026 00:26:26.746] [Render thread/DEBUG] [oshi.util.FileUtil/]: Reading file /sys/devices/system/cpu/cpu0/cache/index3/level
[31Mar2026 00:26:26.746] [Render thread/DEBUG] [oshi.util.FileUtil/]: Reading file /sys/devices/system/cpu/cpu0/cache/index3/level
[31Mar2026 00:26:26.746] [Render thread/DEBUG] [oshi.util.FileUtil/]: Reading file /sys/devices/system/cpu/cpu0/cache/index3/type
[31Mar2026 00:26:26.746] [Render thread/DEBUG] [oshi.util.FileUtil/]: Reading file /sys/devices/system/cpu/cpu0/cache/index3/type
[31Mar2026 00:26:26.746] [Render thread/DEBUG] [oshi.util.FileUtil/]: Reading file /sys/devices/system/cpu/cpu0/cache/index3/ways_of_associativity
[31Mar2026 00:26:26.746] [Render thread/DEBUG] [oshi.util.FileUtil/]: Reading file /sys/devices/system/cpu/cpu0/cache/index3/ways_of_associativity
[31Mar2026 00:26:26.746] [Render thread/DEBUG] [oshi.util.FileUtil/]: Reading file /sys/devices/system/cpu/cpu0/cache/index3/coherency_line_size
[31Mar2026 00:26:26.746] [Render thread/DEBUG] [oshi.util.FileUtil/]: Reading file /sys/devices/system/cpu/cpu0/cache/index3/coherency_line_size
[31Mar2026 00:26:26.746] [Render thread/DEBUG] [oshi.util.FileUtil/]: Reading file /sys/devices/system/cpu/cpu0/cache/index3/size
[31Mar2026 00:26:26.746] [Render thread/DEBUG] [oshi.util.FileUtil/]: Reading file /sys/devices/system/cpu/cpu0/cache/index3/size
[31Mar2026 00:26:26.746] [Render thread/DEBUG] [oshi.util.FileUtil/]: Reading file /sys/devices/system/cpu/cpu0/cache/index1/level
[31Mar2026 00:26:26.746] [Render thread/DEBUG] [oshi.util.FileUtil/]: Reading file /sys/devices/system/cpu/cpu0/cache/index1/level
[31Mar2026 00:26:26.746] [Render thread/DEBUG] [oshi.util.FileUtil/]: Reading file /sys/devices/system/cpu/cpu0/cache/index1/type
[31Mar2026 00:26:26.746] [Render thread/DEBUG] [oshi.util.FileUtil/]: Reading file /sys/devices/system/cpu/cpu0/cache/index1/type
[31Mar2026 00:26:26.746] [Render thread/DEBUG] [oshi.util.FileUtil/]: Reading file /sys/devices/system/cpu/cpu0/cache/index1/ways_of_associativity
[31Mar2026 00:26:26.746] [Render thread/DEBUG] [oshi.util.FileUtil/]: Reading file /sys/devices/system/cpu/cpu0/cache/index1/ways_of_associativity
[31Mar2026 00:26:26.747] [Render thread/DEBUG] [oshi.util.FileUtil/]: Reading file /sys/devices/system/cpu/cpu0/cache/index1/coherency_line_size
[31Mar2026 00:26:26.747] [Render thread/DEBUG] [oshi.util.FileUtil/]: Reading file /sys/devices/system/cpu/cpu0/cache/index1/coherency_line_size
[31Mar2026 00:26:26.747] [Render thread/DEBUG] [oshi.util.FileUtil/]: Reading file /sys/devices/system/cpu/cpu0/cache/index1/size
[31Mar2026 00:26:26.747] [Render thread/DEBUG] [oshi.util.FileUtil/]: Reading file /sys/devices/system/cpu/cpu0/cache/index1/size
[31Mar2026 00:26:26.747] [Render thread/DEBUG] [oshi.util.FileUtil/]: Reading file /sys/devices/system/cpu/cpu1/topology/core_id
[31Mar2026 00:26:26.747] [Render thread/DEBUG] [oshi.util.FileUtil/]: Reading file /sys/devices/system/cpu/cpu1/topology/core_id
[31Mar2026 00:26:26.747] [Render thread/DEBUG] [oshi.util.FileUtil/]: Reading file /sys/devices/system/cpu/cpu1/topology/physical_package_id
[31Mar2026 00:26:26.747] [Render thread/DEBUG] [oshi.util.FileUtil/]: Reading file /sys/devices/system/cpu/cpu1/topology/physical_package_id
[31Mar2026 00:26:26.747] [Render thread/DEBUG] [oshi.util.FileUtil/]: Reading file /sys/devices/system/cpu/cpu1/cpu_capacity
[31Mar2026 00:26:26.747] [Render thread/DEBUG] [oshi.util.FileUtil/]: Reading file /sys/devices/system/cpu/cpu1/cpu_capacity
[31Mar2026 00:26:26.747] [Render thread/DEBUG] [oshi.util.FileUtil/]: Reading file /sys/devices/system/cpu/cpu1/cache/index2/level
[31Mar2026 00:26:26.747] [Render thread/DEBUG] [oshi.util.FileUtil/]: Reading file /sys/devices/system/cpu/cpu1/cache/index2/level
[31Mar2026 00:26:26.748] [Render thread/DEBUG] [oshi.util.FileUtil/]: Reading file /sys/devices/system/cpu/cpu1/cache/index2/type
[31Mar2026 00:26:26.748] [Render thread/DEBUG] [oshi.util.FileUtil/]: Reading file /sys/devices/system/cpu/cpu1/cache/index2/type
[31Mar2026 00:26:26.748] [Render thread/DEBUG] [oshi.util.FileUtil/]: Reading file /sys/devices/system/cpu/cpu1/cache/index2/ways_of_associativity
[31Mar2026 00:26:26.748] [Render thread/DEBUG] [oshi.util.FileUtil/]: Reading file /sys/devices/system/cpu/cpu1/cache/index2/ways_of_associativity
[31Mar2026 00:26:26.748] [Render thread/DEBUG] [oshi.util.FileUtil/]: Reading file /sys/devices/system/cpu/cpu1/cache/index2/coherency_line_size
[31Mar2026 00:26:26.748] [Render thread/DEBUG] [oshi.util.FileUtil/]: Reading file /sys/devices/system/cpu/cpu1/cache/index2/coherency_line_size
[31Mar2026 00:26:26.748] [Render thread/DEBUG] [oshi.util.FileUtil/]: Reading file /sys/devices/system/cpu/cpu1/cache/index2/size
[31Mar2026 00:26:26.748] [Render thread/DEBUG] [oshi.util.FileUtil/]: Reading file /sys/devices/system/cpu/cpu1/cache/index2/size
[31Mar2026 00:26:26.748] [Render thread/DEBUG] [oshi.util.FileUtil/]: Reading file /sys/devices/system/cpu/cpu1/cache/index0/level
[31Mar2026 00:26:26.748] [Render thread/DEBUG] [oshi.util.FileUtil/]: Reading file /sys/devices/system/cpu/cpu1/cache/index0/level
[31Mar2026 00:26:26.748] [Render thread/DEBUG] [oshi.util.FileUtil/]: Reading file /sys/devices/system/cpu/cpu1/cache/index0/type
[31Mar2026 00:26:26.748] [Render thread/DEBUG] [oshi.util.FileUtil/]: Reading file /sys/devices/system/cpu/cpu1/cache/index0/type
[31Mar2026 00:26:26.748] [Render thread/DEBUG] [oshi.util.FileUtil/]: Reading file /sys/devices/system/cpu/cpu1/cache/index0/ways_of_associativity
[31Mar2026 00:26:26.748] [Render thread/DEBUG] [oshi.util.FileUtil/]: Reading file /sys/devices/system/cpu/cpu1/cache/index0/ways_of_associativity
[31Mar2026 00:26:26.748] [Render thread/DEBUG] [oshi.util.FileUtil/]: Reading file /sys/devices/system/cpu/cpu1/cache/index0/coherency_line_size
[31Mar2026 00:26:26.748] [Render thread/DEBUG] [oshi.util.FileUtil/]: Reading file /sys/devices/system/cpu/cpu1/cache/index0/coherency_line_size
[31Mar2026 00:26:26.748] [Render thread/DEBUG] [oshi.util.FileUtil/]: Reading file /sys/devices/system/cpu/cpu1/cache/index0/size
[31Mar2026 00:26:26.748] [Render thread/DEBUG] [oshi.util.FileUtil/]: Reading file /sys/devices/system/cpu/cpu1/cache/index0/size
[31Mar2026 00:26:26.748] [Render thread/DEBUG] [oshi.util.FileUtil/]: Reading file /sys/devices/system/cpu/cpu1/cache/index3/level
[31Mar2026 00:26:26.748] [Render thread/DEBUG] [oshi.util.FileUtil/]: Reading file /sys/devices/system/cpu/cpu1/cache/index3/level
[31Mar2026 00:26:26.748] [Render thread/DEBUG] [oshi.util.FileUtil/]: Reading file /sys/devices/system/cpu/cpu1/cache/index3/type
[31Mar2026 00:26:26.748] [Render thread/DEBUG] [oshi.util.FileUtil/]: Reading file /sys/devices/system/cpu/cpu1/cache/index3/type
[31Mar2026 00:26:26.748] [Render thread/DEBUG] [oshi.util.FileUtil/]: Reading file /sys/devices/system/cpu/cpu1/cache/index3/ways_of_associativity
[31Mar2026 00:26:26.748] [Render thread/DEBUG] [oshi.util.FileUtil/]: Reading file /sys/devices/system/cpu/cpu1/cache/index3/ways_of_associativity
[31Mar2026 00:26:26.748] [Render thread/DEBUG] [oshi.util.FileUtil/]: Reading file /sys/devices/system/cpu/cpu1/cache/index3/coherency_line_size
[31Mar2026 00:26:26.748] [Render thread/DEBUG] [oshi.util.FileUtil/]: Reading file /sys/devices/system/cpu/cpu1/cache/index3/coherency_line_size
[31Mar2026 00:26:26.748] [Render thread/DEBUG] [oshi.util.FileUtil/]: Reading file /sys/devices/system/cpu/cpu1/cache/index3/size
[31Mar2026 00:26:26.749] [Render thread/DEBUG] [oshi.util.FileUtil/]: Reading file /sys/devices/system/cpu/cpu1/cache/index3/size
[31Mar2026 00:26:26.749] [Render thread/DEBUG] [oshi.util.FileUtil/]: Reading file /sys/devices/system/cpu/cpu1/cache/index1/level
[31Mar2026 00:26:26.749] [Render thread/DEBUG] [oshi.util.FileUtil/]: Reading file /sys/devices/system/cpu/cpu1/cache/index1/level
[31Mar2026 00:26:26.749] [Render thread/DEBUG] [oshi.util.FileUtil/]: Reading file /sys/devices/system/cpu/cpu1/cache/index1/type
[31Mar2026 00:26:26.749] [Render thread/DEBUG] [oshi.util.FileUtil/]: Reading file /sys/devices/system/cpu/cpu1/cache/index1/type
[31Mar2026 00:26:26.749] [Render thread/DEBUG] [oshi.util.FileUtil/]: Reading file /sys/devices/system/cpu/cpu1/cache/index1/ways_of_associativity
[31Mar2026 00:26:26.749] [Render thread/DEBUG] [oshi.util.FileUtil/]: Reading file /sys/devices/system/cpu/cpu1/cache/index1/ways_of_associativity
[31Mar2026 00:26:26.749] [Render thread/DEBUG] [oshi.util.FileUtil/]: Reading file /sys/devices/system/cpu/cpu1/cache/index1/coherency_line_size
[31Mar2026 00:26:26.749] [Render thread/DEBUG] [oshi.util.FileUtil/]: Reading file /sys/devices/system/cpu/cpu1/cache/index1/coherency_line_size
[31Mar2026 00:26:26.749] [Render thread/DEBUG] [oshi.util.FileUtil/]: Reading file /sys/devices/system/cpu/cpu1/cache/index1/size
[31Mar2026 00:26:26.749] [Render thread/DEBUG] [oshi.util.FileUtil/]: Reading file /sys/devices/system/cpu/cpu1/cache/index1/size
[31Mar2026 00:26:26.749] [Render thread/DEBUG] [oshi.util.FileUtil/]: Reading file /sys/devices/system/cpu/cpu10/topology/core_id
[31Mar2026 00:26:26.749] [Render thread/DEBUG] [oshi.util.FileUtil/]: Reading file /sys/devices/system/cpu/cpu10/topology/core_id
[31Mar2026 00:26:26.749] [Render thread/DEBUG] [oshi.util.FileUtil/]: Reading file /sys/devices/system/cpu/cpu10/topology/physical_package_id
[31Mar2026 00:26:26.749] [Render thread/DEBUG] [oshi.util.FileUtil/]: Reading file /sys/devices/system/cpu/cpu10/topology/physical_package_id
[31Mar2026 00:26:26.749] [Render thread/DEBUG] [oshi.util.FileUtil/]: Reading file /sys/devices/system/cpu/cpu10/cpu_capacity
[31Mar2026 00:26:26.749] [Render thread/DEBUG] [oshi.util.FileUtil/]: Reading file /sys/devices/system/cpu/cpu10/cpu_capacity
[31Mar2026 00:26:26.749] [Render thread/DEBUG] [oshi.util.FileUtil/]: Reading file /sys/devices/system/cpu/cpu10/cache/index2/level
[31Mar2026 00:26:26.750] [Render thread/DEBUG] [oshi.util.FileUtil/]: Reading file /sys/devices/system/cpu/cpu10/cache/index2/level
[31Mar2026 00:26:26.750] [Render thread/DEBUG] [oshi.util.FileUtil/]: Reading file /sys/devices/system/cpu/cpu10/cache/index2/type
[31Mar2026 00:26:26.750] [Render thread/DEBUG] [oshi.util.FileUtil/]: Reading file /sys/devices/system/cpu/cpu10/cache/index2/type
[31Mar2026 00:26:26.750] [Render thread/DEBUG] [oshi.util.FileUtil/]: Reading file /sys/devices/system/cpu/cpu10/cache/index2/ways_of_associativity
[31Mar2026 00:26:26.750] [Render thread/DEBUG] [oshi.util.FileUtil/]: Reading file /sys/devices/system/cpu/cpu10/cache/index2/ways_of_associativity
[31Mar2026 00:26:26.750] [Render thread/DEBUG] [oshi.util.FileUtil/]: Reading file /sys/devices/system/cpu/cpu10/cache/index2/coherency_line_size
[31Mar2026 00:26:26.750] [Render thread/DEBUG] [oshi.util.FileUtil/]: Reading file /sys/devices/system/cpu/cpu10/cache/index2/coherency_line_size
[31Mar2026 00:26:26.750] [Render thread/DEBUG] [oshi.util.FileUtil/]: Reading file /sys/devices/system/cpu/cpu10/cache/index2/size
[31Mar2026 00:26:26.750] [Render thread/DEBUG] [oshi.util.FileUtil/]: Reading file /sys/devices/system/cpu/cpu10/cache/index2/size
[31Mar2026 00:26:26.750] [Render thread/DEBUG] [oshi.util.FileUtil/]: Reading file /sys/devices/system/cpu/cpu10/cache/index0/level
[31Mar2026 00:26:26.750] [Render thread/DEBUG] [oshi.util.FileUtil/]: Reading file /sys/devices/system/cpu/cpu10/cache/index0/level
[31Mar2026 00:26:26.750] [Render thread/DEBUG] [oshi.util.FileUtil/]: Reading file /sys/devices/system/cpu/cpu10/cache/index0/type
[31Mar2026 00:26:26.750] [Render thread/DEBUG] [oshi.util.FileUtil/]: Reading file /sys/devices/system/cpu/cpu10/cache/index0/type
[31Mar2026 00:26:26.750] [Render thread/DEBUG] [oshi.util.FileUtil/]: Reading file /sys/devices/system/cpu/cpu10/cache/index0/ways_of_associativity
[31Mar2026 00:26:26.750] [Render thread/DEBUG] [oshi.util.FileUtil/]: Reading file /sys/devices/system/cpu/cpu10/cache/index0/ways_of_associativity
[31Mar2026 00:26:26.750] [Render thread/DEBUG] [oshi.util.FileUtil/]: Reading file /sys/devices/system/cpu/cpu10/cache/index0/coherency_line_size
[31Mar2026 00:26:26.750] [Render thread/DEBUG] [oshi.util.FileUtil/]: Reading file /sys/devices/system/cpu/cpu10/cache/index0/coherency_line_size
[31Mar2026 00:26:26.750] [Render thread/DEBUG] [oshi.util.FileUtil/]: Reading file /sys/devices/system/cpu/cpu10/cache/index0/size
[31Mar2026 00:26:26.750] [Render thread/DEBUG] [oshi.util.FileUtil/]: Reading file /sys/devices/system/cpu/cpu10/cache/index0/size
[31Mar2026 00:26:26.750] [Render thread/DEBUG] [oshi.util.FileUtil/]: Reading file /sys/devices/system/cpu/cpu10/cache/index3/level
[31Mar2026 00:26:26.750] [Render thread/DEBUG] [oshi.util.FileUtil/]: Reading file /sys/devices/system/cpu/cpu10/cache/index3/level
[31Mar2026 00:26:26.750] [Render thread/DEBUG] [oshi.util.FileUtil/]: Reading file /sys/devices/system/cpu/cpu10/cache/index3/type
[31Mar2026 00:26:26.750] [Render thread/DEBUG] [oshi.util.FileUtil/]: Reading file /sys/devices/system/cpu/cpu10/cache/index3/type
[31Mar2026 00:26:26.750] [Render thread/DEBUG] [oshi.util.FileUtil/]: Reading file /sys/devices/system/cpu/cpu10/cache/index3/ways_of_associativity
[31Mar2026 00:26:26.750] [Render thread/DEBUG] [oshi.util.FileUtil/]: Reading file /sys/devices/system/cpu/cpu10/cache/index3/ways_of_associativity
[31Mar2026 00:26:26.750] [Render thread/DEBUG] [oshi.util.FileUtil/]: Reading file /sys/devices/system/cpu/cpu10/cache/index3/coherency_line_size
[31Mar2026 00:26:26.750] [Render thread/DEBUG] [oshi.util.FileUtil/]: Reading file /sys/devices/system/cpu/cpu10/cache/index3/coherency_line_size
[31Mar2026 00:26:26.750] [Render thread/DEBUG] [oshi.util.FileUtil/]: Reading file /sys/devices/system/cpu/cpu10/cache/index3/size
[31Mar2026 00:26:26.750] [Render thread/DEBUG] [oshi.util.FileUtil/]: Reading file /sys/devices/system/cpu/cpu10/cache/index3/size
[31Mar2026 00:26:26.750] [Render thread/DEBUG] [oshi.util.FileUtil/]: Reading file /sys/devices/system/cpu/cpu10/cache/index1/level
[31Mar2026 00:26:26.751] [Render thread/DEBUG] [oshi.util.FileUtil/]: Reading file /sys/devices/system/cpu/cpu10/cache/index1/level
[31Mar2026 00:26:26.751] [Render thread/DEBUG] [oshi.util.FileUtil/]: Reading file /sys/devices/system/cpu/cpu10/cache/index1/type
[31Mar2026 00:26:26.751] [Render thread/DEBUG] [oshi.util.FileUtil/]: Reading file /sys/devices/system/cpu/cpu10/cache/index1/type
[31Mar2026 00:26:26.751] [Render thread/DEBUG] [oshi.util.FileUtil/]: Reading file /sys/devices/system/cpu/cpu10/cache/index1/ways_of_associativity
[31Mar2026 00:26:26.751] [Render thread/DEBUG] [oshi.util.FileUtil/]: Reading file /sys/devices/system/cpu/cpu10/cache/index1/ways_of_associativity
[31Mar2026 00:26:26.751] [Render thread/DEBUG] [oshi.util.FileUtil/]: Reading file /sys/devices/system/cpu/cpu10/cache/index1/coherency_line_size
[31Mar2026 00:26:26.751] [Render thread/DEBUG] [oshi.util.FileUtil/]: Reading file /sys/devices/system/cpu/cpu10/cache/index1/coherency_line_size
[31Mar2026 00:26:26.751] [Render thread/DEBUG] [oshi.util.FileUtil/]: Reading file /sys/devices/system/cpu/cpu10/cache/index1/size
[31Mar2026 00:26:26.751] [Render thread/DEBUG] [oshi.util.FileUtil/]: Reading file /sys/devices/system/cpu/cpu10/cache/index1/size
[31Mar2026 00:26:26.751] [Render thread/DEBUG] [oshi.util.FileUtil/]: Reading file /sys/devices/system/cpu/cpu11/topology/core_id
[31Mar2026 00:26:26.751] [Render thread/DEBUG] [oshi.util.FileUtil/]: Reading file /sys/devices/system/cpu/cpu11/topology/core_id
[31Mar2026 00:26:26.751] [Render thread/DEBUG] [oshi.util.FileUtil/]: Reading file /sys/devices/system/cpu/cpu11/topology/physical_package_id
[31Mar2026 00:26:26.751] [Render thread/DEBUG] [oshi.util.FileUtil/]: Reading file /sys/devices/system/cpu/cpu11/topology/physical_package_id
[31Mar2026 00:26:26.751] [Render thread/DEBUG] [oshi.util.FileUtil/]: Reading file /sys/devices/system/cpu/cpu11/cpu_capacity
[31Mar2026 00:26:26.751] [Render thread/DEBUG] [oshi.util.FileUtil/]: Reading file /sys/devices/system/cpu/cpu11/cpu_capacity
[31Mar2026 00:26:26.751] [Render thread/DEBUG] [oshi.util.FileUtil/]: Reading file /sys/devices/system/cpu/cpu11/cache/index2/level
[31Mar2026 00:26:26.751] [Render thread/DEBUG] [oshi.util.FileUtil/]: Reading file /sys/devices/system/cpu/cpu11/cache/index2/level
[31Mar2026 00:26:26.751] [Render thread/DEBUG] [oshi.util.FileUtil/]: Reading file /sys/devices/system/cpu/cpu11/cache/index2/type
[31Mar2026 00:26:26.751] [Render thread/DEBUG] [oshi.util.FileUtil/]: Reading file /sys/devices/system/cpu/cpu11/cache/index2/type
[31Mar2026 00:26:26.751] [Render thread/DEBUG] [oshi.util.FileUtil/]: Reading file /sys/devices/system/cpu/cpu11/cache/index2/ways_of_associativity
[31Mar2026 00:26:26.751] [Render thread/DEBUG] [oshi.util.FileUtil/]: Reading file /sys/devices/system/cpu/cpu11/cache/index2/ways_of_associativity
[31Mar2026 00:26:26.751] [Render thread/DEBUG] [oshi.util.FileUtil/]: Reading file /sys/devices/system/cpu/cpu11/cache/index2/coherency_line_size
[31Mar2026 00:26:26.752] [Render thread/DEBUG] [oshi.util.FileUtil/]: Reading file /sys/devices/system/cpu/cpu11/cache/index2/coherency_line_size
[31Mar2026 00:26:26.752] [Render thread/DEBUG] [oshi.util.FileUtil/]: Reading file /sys/devices/system/cpu/cpu11/cache/index2/size
[31Mar2026 00:26:26.752] [Render thread/DEBUG] [oshi.util.FileUtil/]: Reading file /sys/devices/system/cpu/cpu11/cache/index2/size
[31Mar2026 00:26:26.752] [Render thread/DEBUG] [oshi.util.FileUtil/]: Reading file /sys/devices/system/cpu/cpu11/cache/index0/level
[31Mar2026 00:26:26.752] [Render thread/DEBUG] [oshi.util.FileUtil/]: Reading file /sys/devices/system/cpu/cpu11/cache/index0/level
[31Mar2026 00:26:26.752] [Render thread/DEBUG] [oshi.util.FileUtil/]: Reading file /sys/devices/system/cpu/cpu11/cache/index0/type
[31Mar2026 00:26:26.752] [Render thread/DEBUG] [oshi.util.FileUtil/]: Reading file /sys/devices/system/cpu/cpu11/cache/index0/type
[31Mar2026 00:26:26.752] [Render thread/DEBUG] [oshi.util.FileUtil/]: Reading file /sys/devices/system/cpu/cpu11/cache/index0/ways_of_associativity
[31Mar2026 00:26:26.752] [Render thread/DEBUG] [oshi.util.FileUtil/]: Reading file /sys/devices/system/cpu/cpu11/cache/index0/ways_of_associativity
[31Mar2026 00:26:26.752] [Render thread/DEBUG] [oshi.util.FileUtil/]: Reading file /sys/devices/system/cpu/cpu11/cache/index0/coherency_line_size
[31Mar2026 00:26:26.752] [Render thread/DEBUG] [oshi.util.FileUtil/]: Reading file /sys/devices/system/cpu/cpu11/cache/index0/coherency_line_size
[31Mar2026 00:26:26.752] [Render thread/DEBUG] [oshi.util.FileUtil/]: Reading file /sys/devices/system/cpu/cpu11/cache/index0/size
[31Mar2026 00:26:26.752] [Render thread/DEBUG] [oshi.util.FileUtil/]: Reading file /sys/devices/system/cpu/cpu11/cache/index0/size
[31Mar2026 00:26:26.752] [Render thread/DEBUG] [oshi.util.FileUtil/]: Reading file /sys/devices/system/cpu/cpu11/cache/index3/level
[31Mar2026 00:26:26.752] [Render thread/DEBUG] [oshi.util.FileUtil/]: Reading file /sys/devices/system/cpu/cpu11/cache/index3/level
[31Mar2026 00:26:26.752] [Render thread/DEBUG] [oshi.util.FileUtil/]: Reading file /sys/devices/system/cpu/cpu11/cache/index3/type
[31Mar2026 00:26:26.752] [Render thread/DEBUG] [oshi.util.FileUtil/]: Reading file /sys/devices/system/cpu/cpu11/cache/index3/type
[31Mar2026 00:26:26.752] [Render thread/DEBUG] [oshi.util.FileUtil/]: Reading file /sys/devices/system/cpu/cpu11/cache/index3/ways_of_associativity
[31Mar2026 00:26:26.752] [Render thread/DEBUG] [oshi.util.FileUtil/]: Reading file /sys/devices/system/cpu/cpu11/cache/index3/ways_of_associativity
[31Mar2026 00:26:26.752] [Render thread/DEBUG] [oshi.util.FileUtil/]: Reading file /sys/devices/system/cpu/cpu11/cache/index3/coherency_line_size
[31Mar2026 00:26:26.752] [Render thread/DEBUG] [oshi.util.FileUtil/]: Reading file /sys/devices/system/cpu/cpu11/cache/index3/coherency_line_size
[31Mar2026 00:26:26.752] [Render thread/DEBUG] [oshi.util.FileUtil/]: Reading file /sys/devices/system/cpu/cpu11/cache/index3/size
[31Mar2026 00:26:26.752] [Render thread/DEBUG] [oshi.util.FileUtil/]: Reading file /sys/devices/system/cpu/cpu11/cache/index3/size
[31Mar2026 00:26:26.752] [Render thread/DEBUG] [oshi.util.FileUtil/]: Reading file /sys/devices/system/cpu/cpu11/cache/index1/level
[31Mar2026 00:26:26.752] [Render thread/DEBUG] [oshi.util.FileUtil/]: Reading file /sys/devices/system/cpu/cpu11/cache/index1/level
[31Mar2026 00:26:26.752] [Render thread/DEBUG] [oshi.util.FileUtil/]: Reading file /sys/devices/system/cpu/cpu11/cache/index1/type
[31Mar2026 00:26:26.752] [Render thread/DEBUG] [oshi.util.FileUtil/]: Reading file /sys/devices/system/cpu/cpu11/cache/index1/type
[31Mar2026 00:26:26.752] [Render thread/DEBUG] [oshi.util.FileUtil/]: Reading file /sys/devices/system/cpu/cpu11/cache/index1/ways_of_associativity
[31Mar2026 00:26:26.752] [Render thread/DEBUG] [oshi.util.FileUtil/]: Reading file /sys/devices/system/cpu/cpu11/cache/index1/ways_of_associativity
[31Mar2026 00:26:26.753] [Render thread/DEBUG] [oshi.util.FileUtil/]: Reading file /sys/devices/system/cpu/cpu11/cache/index1/coherency_line_size
[31Mar2026 00:26:26.753] [Render thread/DEBUG] [oshi.util.FileUtil/]: Reading file /sys/devices/system/cpu/cpu11/cache/index1/coherency_line_size
[31Mar2026 00:26:26.753] [Render thread/DEBUG] [oshi.util.FileUtil/]: Reading file /sys/devices/system/cpu/cpu11/cache/index1/size
[31Mar2026 00:26:26.753] [Render thread/DEBUG] [oshi.util.FileUtil/]: Reading file /sys/devices/system/cpu/cpu11/cache/index1/size
[31Mar2026 00:26:26.753] [Render thread/DEBUG] [oshi.util.FileUtil/]: Reading file /sys/devices/system/cpu/cpu12/topology/core_id
[31Mar2026 00:26:26.753] [Render thread/DEBUG] [oshi.util.FileUtil/]: Reading file /sys/devices/system/cpu/cpu12/topology/core_id
[31Mar2026 00:26:26.753] [Render thread/DEBUG] [oshi.util.FileUtil/]: Reading file /sys/devices/system/cpu/cpu12/topology/physical_package_id
[31Mar2026 00:26:26.753] [Render thread/DEBUG] [oshi.util.FileUtil/]: Reading file /sys/devices/system/cpu/cpu12/topology/physical_package_id
[31Mar2026 00:26:26.753] [Render thread/DEBUG] [oshi.util.FileUtil/]: Reading file /sys/devices/system/cpu/cpu12/cpu_capacity
[31Mar2026 00:26:26.753] [Render thread/DEBUG] [oshi.util.FileUtil/]: Reading file /sys/devices/system/cpu/cpu12/cpu_capacity
[31Mar2026 00:26:26.753] [Render thread/DEBUG] [oshi.util.FileUtil/]: Reading file /sys/devices/system/cpu/cpu12/cache/index2/level
[31Mar2026 00:26:26.753] [Render thread/DEBUG] [oshi.util.FileUtil/]: Reading file /sys/devices/system/cpu/cpu12/cache/index2/level
[31Mar2026 00:26:26.753] [Render thread/DEBUG] [oshi.util.FileUtil/]: Reading file /sys/devices/system/cpu/cpu12/cache/index2/type
[31Mar2026 00:26:26.753] [Render thread/DEBUG] [oshi.util.FileUtil/]: Reading file /sys/devices/system/cpu/cpu12/cache/index2/type
[31Mar2026 00:26:26.753] [Render thread/DEBUG] [oshi.util.FileUtil/]: Reading file /sys/devices/system/cpu/cpu12/cache/index2/ways_of_associativity
[31Mar2026 00:26:26.753] [Render thread/DEBUG] [oshi.util.FileUtil/]: Reading file /sys/devices/system/cpu/cpu12/cache/index2/ways_of_associativity
[31Mar2026 00:26:26.753] [Render thread/DEBUG] [oshi.util.FileUtil/]: Reading file /sys/devices/system/cpu/cpu12/cache/index2/coherency_line_size
[31Mar2026 00:26:26.753] [Render thread/DEBUG] [oshi.util.FileUtil/]: Reading file /sys/devices/system/cpu/cpu12/cache/index2/coherency_line_size
[31Mar2026 00:26:26.753] [Render thread/DEBUG] [oshi.util.FileUtil/]: Reading file /sys/devices/system/cpu/cpu12/cache/index2/size
[31Mar2026 00:26:26.753] [Render thread/DEBUG] [oshi.util.FileUtil/]: Reading file /sys/devices/system/cpu/cpu12/cache/index2/size
[31Mar2026 00:26:26.754] [Render thread/DEBUG] [oshi.util.FileUtil/]: Reading file /sys/devices/system/cpu/cpu12/cache/index0/level
[31Mar2026 00:26:26.754] [Render thread/DEBUG] [oshi.util.FileUtil/]: Reading file /sys/devices/system/cpu/cpu12/cache/index0/level
[31Mar2026 00:26:26.754] [Render thread/DEBUG] [oshi.util.FileUtil/]: Reading file /sys/devices/system/cpu/cpu12/cache/index0/type
[31Mar2026 00:26:26.754] [Render thread/DEBUG] [oshi.util.FileUtil/]: Reading file /sys/devices/system/cpu/cpu12/cache/index0/type
[31Mar2026 00:26:26.754] [Render thread/DEBUG] [oshi.util.FileUtil/]: Reading file /sys/devices/system/cpu/cpu12/cache/index0/ways_of_associativity
[31Mar2026 00:26:26.754] [Render thread/DEBUG] [oshi.util.FileUtil/]: Reading file /sys/devices/system/cpu/cpu12/cache/index0/ways_of_associativity
[31Mar2026 00:26:26.754] [Render thread/DEBUG] [oshi.util.FileUtil/]: Reading file /sys/devices/system/cpu/cpu12/cache/index0/coherency_line_size
[31Mar2026 00:26:26.754] [Render thread/DEBUG] [oshi.util.FileUtil/]: Reading file /sys/devices/system/cpu/cpu12/cache/index0/coherency_line_size
[31Mar2026 00:26:26.754] [Render thread/DEBUG] [oshi.util.FileUtil/]: Reading file /sys/devices/system/cpu/cpu12/cache/index0/size
[31Mar2026 00:26:26.754] [Render thread/DEBUG] [oshi.util.FileUtil/]: Reading file /sys/devices/system/cpu/cpu12/cache/index0/size
[31Mar2026 00:26:26.754] [Render thread/DEBUG] [oshi.util.FileUtil/]: Reading file /sys/devices/system/cpu/cpu12/cache/index3/level
[31Mar2026 00:26:26.754] [Render thread/DEBUG] [oshi.util.FileUtil/]: Reading file /sys/devices/system/cpu/cpu12/cache/index3/level
[31Mar2026 00:26:26.754] [Render thread/DEBUG] [oshi.util.FileUtil/]: Reading file /sys/devices/system/cpu/cpu12/cache/index3/type
[31Mar2026 00:26:26.754] [Render thread/DEBUG] [oshi.util.FileUtil/]: Reading file /sys/devices/system/cpu/cpu12/cache/index3/type
[31Mar2026 00:26:26.754] [Render thread/DEBUG] [oshi.util.FileUtil/]: Reading file /sys/devices/system/cpu/cpu12/cache/index3/ways_of_associativity
[31Mar2026 00:26:26.754] [Render thread/DEBUG] [oshi.util.FileUtil/]: Reading file /sys/devices/system/cpu/cpu12/cache/index3/ways_of_associativity
[31Mar2026 00:26:26.754] [Render thread/DEBUG] [oshi.util.FileUtil/]: Reading file /sys/devices/system/cpu/cpu12/cache/index3/coherency_line_size
[31Mar2026 00:26:26.754] [Render thread/DEBUG] [oshi.util.FileUtil/]: Reading file /sys/devices/system/cpu/cpu12/cache/index3/coherency_line_size
[31Mar2026 00:26:26.754] [Render thread/DEBUG] [oshi.util.FileUtil/]: Reading file /sys/devices/system/cpu/cpu12/cache/index3/size
[31Mar2026 00:26:26.754] [Render thread/DEBUG] [oshi.util.FileUtil/]: Reading file /sys/devices/system/cpu/cpu12/cache/index3/size
[31Mar2026 00:26:26.754] [Render thread/DEBUG] [oshi.util.FileUtil/]: Reading file /sys/devices/system/cpu/cpu12/cache/index1/level
[31Mar2026 00:26:26.754] [Render thread/DEBUG] [oshi.util.FileUtil/]: Reading file /sys/devices/system/cpu/cpu12/cache/index1/level
[31Mar2026 00:26:26.754] [Render thread/DEBUG] [oshi.util.FileUtil/]: Reading file /sys/devices/system/cpu/cpu12/cache/index1/type
[31Mar2026 00:26:26.754] [Render thread/DEBUG] [oshi.util.FileUtil/]: Reading file /sys/devices/system/cpu/cpu12/cache/index1/type
[31Mar2026 00:26:26.754] [Render thread/DEBUG] [oshi.util.FileUtil/]: Reading file /sys/devices/system/cpu/cpu12/cache/index1/ways_of_associativity
[31Mar2026 00:26:26.754] [Render thread/DEBUG] [oshi.util.FileUtil/]: Reading file /sys/devices/system/cpu/cpu12/cache/index1/ways_of_associativity
[31Mar2026 00:26:26.754] [Render thread/DEBUG] [oshi.util.FileUtil/]: Reading file /sys/devices/system/cpu/cpu12/cache/index1/coherency_line_size
[31Mar2026 00:26:26.754] [Render thread/DEBUG] [oshi.util.FileUtil/]: Reading file /sys/devices/system/cpu/cpu12/cache/index1/coherency_line_size
[31Mar2026 00:26:26.754] [Render thread/DEBUG] [oshi.util.FileUtil/]: Reading file /sys/devices/system/cpu/cpu12/cache/index1/size
[31Mar2026 00:26:26.754] [Render thread/DEBUG] [oshi.util.FileUtil/]: Reading file /sys/devices/system/cpu/cpu12/cache/index1/size
[31Mar2026 00:26:26.755] [Render thread/DEBUG] [oshi.util.FileUtil/]: Reading file /sys/devices/system/cpu/cpu13/topology/core_id
[31Mar2026 00:26:26.755] [Render thread/DEBUG] [oshi.util.FileUtil/]: Reading file /sys/devices/system/cpu/cpu13/topology/core_id
[31Mar2026 00:26:26.755] [Render thread/DEBUG] [oshi.util.FileUtil/]: Reading file /sys/devices/system/cpu/cpu13/topology/physical_package_id
[31Mar2026 00:26:26.755] [Render thread/DEBUG] [oshi.util.FileUtil/]: Reading file /sys/devices/system/cpu/cpu13/topology/physical_package_id
[31Mar2026 00:26:26.755] [Render thread/DEBUG] [oshi.util.FileUtil/]: Reading file /sys/devices/system/cpu/cpu13/cpu_capacity
[31Mar2026 00:26:26.755] [Render thread/DEBUG] [oshi.util.FileUtil/]: Reading file /sys/devices/system/cpu/cpu13/cpu_capacity
[31Mar2026 00:26:26.755] [Render thread/DEBUG] [oshi.util.FileUtil/]: Reading file /sys/devices/system/cpu/cpu13/cache/index2/level
[31Mar2026 00:26:26.755] [Render thread/DEBUG] [oshi.util.FileUtil/]: Reading file /sys/devices/system/cpu/cpu13/cache/index2/level
[31Mar2026 00:26:26.755] [Render thread/DEBUG] [oshi.util.FileUtil/]: Reading file /sys/devices/system/cpu/cpu13/cache/index2/type
[31Mar2026 00:26:26.755] [Render thread/DEBUG] [oshi.util.FileUtil/]: Reading file /sys/devices/system/cpu/cpu13/cache/index2/type
[31Mar2026 00:26:26.755] [Render thread/DEBUG] [oshi.util.FileUtil/]: Reading file /sys/devices/system/cpu/cpu13/cache/index2/ways_of_associativity
[31Mar2026 00:26:26.755] [Render thread/DEBUG] [oshi.util.FileUtil/]: Reading file /sys/devices/system/cpu/cpu13/cache/index2/ways_of_associativity
[31Mar2026 00:26:26.755] [Render thread/DEBUG] [oshi.util.FileUtil/]: Reading file /sys/devices/system/cpu/cpu13/cache/index2/coherency_line_size
[31Mar2026 00:26:26.755] [Render thread/DEBUG] [oshi.util.FileUtil/]: Reading file /sys/devices/system/cpu/cpu13/cache/index2/coherency_line_size
[31Mar2026 00:26:26.755] [Render thread/DEBUG] [oshi.util.FileUtil/]: Reading file /sys/devices/system/cpu/cpu13/cache/index2/size
[31Mar2026 00:26:26.755] [Render thread/DEBUG] [oshi.util.FileUtil/]: Reading file /sys/devices/system/cpu/cpu13/cache/index2/size
[31Mar2026 00:26:26.755] [Render thread/DEBUG] [oshi.util.FileUtil/]: Reading file /sys/devices/system/cpu/cpu13/cache/index0/level
[31Mar2026 00:26:26.755] [Render thread/DEBUG] [oshi.util.FileUtil/]: Reading file /sys/devices/system/cpu/cpu13/cache/index0/level
[31Mar2026 00:26:26.755] [Render thread/DEBUG] [oshi.util.FileUtil/]: Reading file /sys/devices/system/cpu/cpu13/cache/index0/type
[31Mar2026 00:26:26.755] [Render thread/DEBUG] [oshi.util.FileUtil/]: Reading file /sys/devices/system/cpu/cpu13/cache/index0/type
[31Mar2026 00:26:26.755] [Render thread/DEBUG] [oshi.util.FileUtil/]: Reading file /sys/devices/system/cpu/cpu13/cache/index0/ways_of_associativity
[31Mar2026 00:26:26.755] [Render thread/DEBUG] [oshi.util.FileUtil/]: Reading file /sys/devices/system/cpu/cpu13/cache/index0/ways_of_associativity
[31Mar2026 00:26:26.755] [Render thread/DEBUG] [oshi.util.FileUtil/]: Reading file /sys/devices/system/cpu/cpu13/cache/index0/coherency_line_size
[31Mar2026 00:26:26.755] [Render thread/DEBUG] [oshi.util.FileUtil/]: Reading file /sys/devices/system/cpu/cpu13/cache/index0/coherency_line_size
[31Mar2026 00:26:26.755] [Render thread/DEBUG] [oshi.util.FileUtil/]: Reading file /sys/devices/system/cpu/cpu13/cache/index0/size
[31Mar2026 00:26:26.756] [Render thread/DEBUG] [oshi.util.FileUtil/]: Reading file /sys/devices/system/cpu/cpu13/cache/index0/size
[31Mar2026 00:26:26.756] [Render thread/DEBUG] [oshi.util.FileUtil/]: Reading file /sys/devices/system/cpu/cpu13/cache/index3/level
[31Mar2026 00:26:26.756] [Render thread/DEBUG] [oshi.util.FileUtil/]: Reading file /sys/devices/system/cpu/cpu13/cache/index3/level
[31Mar2026 00:26:26.756] [Render thread/DEBUG] [oshi.util.FileUtil/]: Reading file /sys/devices/system/cpu/cpu13/cache/index3/type
[31Mar2026 00:26:26.756] [Render thread/DEBUG] [oshi.util.FileUtil/]: Reading file /sys/devices/system/cpu/cpu13/cache/index3/type
[31Mar2026 00:26:26.756] [Render thread/DEBUG] [oshi.util.FileUtil/]: Reading file /sys/devices/system/cpu/cpu13/cache/index3/ways_of_associativity
[31Mar2026 00:26:26.756] [Render thread/DEBUG] [oshi.util.FileUtil/]: Reading file /sys/devices/system/cpu/cpu13/cache/index3/ways_of_associativity
[31Mar2026 00:26:26.756] [Render thread/DEBUG] [oshi.util.FileUtil/]: Reading file /sys/devices/system/cpu/cpu13/cache/index3/coherency_line_size
[31Mar2026 00:26:26.756] [Render thread/DEBUG] [oshi.util.FileUtil/]: Reading file /sys/devices/system/cpu/cpu13/cache/index3/coherency_line_size
[31Mar2026 00:26:26.756] [Render thread/DEBUG] [oshi.util.FileUtil/]: Reading file /sys/devices/system/cpu/cpu13/cache/index3/size
[31Mar2026 00:26:26.756] [Render thread/DEBUG] [oshi.util.FileUtil/]: Reading file /sys/devices/system/cpu/cpu13/cache/index3/size
[31Mar2026 00:26:26.756] [Render thread/DEBUG] [oshi.util.FileUtil/]: Reading file /sys/devices/system/cpu/cpu13/cache/index1/level
[31Mar2026 00:26:26.756] [Render thread/DEBUG] [oshi.util.FileUtil/]: Reading file /sys/devices/system/cpu/cpu13/cache/index1/level
[31Mar2026 00:26:26.756] [Render thread/DEBUG] [oshi.util.FileUtil/]: Reading file /sys/devices/system/cpu/cpu13/cache/index1/type
[31Mar2026 00:26:26.756] [Render thread/DEBUG] [oshi.util.FileUtil/]: Reading file /sys/devices/system/cpu/cpu13/cache/index1/type
[31Mar2026 00:26:26.756] [Render thread/DEBUG] [oshi.util.FileUtil/]: Reading file /sys/devices/system/cpu/cpu13/cache/index1/ways_of_associativity
[31Mar2026 00:26:26.756] [Render thread/DEBUG] [oshi.util.FileUtil/]: Reading file /sys/devices/system/cpu/cpu13/cache/index1/ways_of_associativity
[31Mar2026 00:26:26.756] [Render thread/DEBUG] [oshi.util.FileUtil/]: Reading file /sys/devices/system/cpu/cpu13/cache/index1/coherency_line_size
[31Mar2026 00:26:26.756] [Render thread/DEBUG] [oshi.util.FileUtil/]: Reading file /sys/devices/system/cpu/cpu13/cache/index1/coherency_line_size
[31Mar2026 00:26:26.756] [Render thread/DEBUG] [oshi.util.FileUtil/]: Reading file /sys/devices/system/cpu/cpu13/cache/index1/size
[31Mar2026 00:26:26.756] [Render thread/DEBUG] [oshi.util.FileUtil/]: Reading file /sys/devices/system/cpu/cpu13/cache/index1/size
[31Mar2026 00:26:26.757] [Render thread/DEBUG] [oshi.util.FileUtil/]: Reading file /sys/devices/system/cpu/cpu14/topology/core_id
[31Mar2026 00:26:26.757] [Render thread/DEBUG] [oshi.util.FileUtil/]: Reading file /sys/devices/system/cpu/cpu14/topology/core_id
[31Mar2026 00:26:26.757] [Render thread/DEBUG] [oshi.util.FileUtil/]: Reading file /sys/devices/system/cpu/cpu14/topology/physical_package_id
[31Mar2026 00:26:26.757] [Render thread/DEBUG] [oshi.util.FileUtil/]: Reading file /sys/devices/system/cpu/cpu14/topology/physical_package_id
[31Mar2026 00:26:26.757] [Render thread/DEBUG] [oshi.util.FileUtil/]: Reading file /sys/devices/system/cpu/cpu14/cpu_capacity
[31Mar2026 00:26:26.757] [Render thread/DEBUG] [oshi.util.FileUtil/]: Reading file /sys/devices/system/cpu/cpu14/cpu_capacity
[31Mar2026 00:26:26.757] [Render thread/DEBUG] [oshi.util.FileUtil/]: Reading file /sys/devices/system/cpu/cpu14/cache/index2/level
[31Mar2026 00:26:26.757] [Render thread/DEBUG] [oshi.util.FileUtil/]: Reading file /sys/devices/system/cpu/cpu14/cache/index2/level
[31Mar2026 00:26:26.757] [Render thread/DEBUG] [oshi.util.FileUtil/]: Reading file /sys/devices/system/cpu/cpu14/cache/index2/type
[31Mar2026 00:26:26.757] [Render thread/DEBUG] [oshi.util.FileUtil/]: Reading file /sys/devices/system/cpu/cpu14/cache/index2/type
[31Mar2026 00:26:26.757] [Render thread/DEBUG] [oshi.util.FileUtil/]: Reading file /sys/devices/system/cpu/cpu14/cache/index2/ways_of_associativity
[31Mar2026 00:26:26.757] [Render thread/DEBUG] [oshi.util.FileUtil/]: Reading file /sys/devices/system/cpu/cpu14/cache/index2/ways_of_associativity
[31Mar2026 00:26:26.757] [Render thread/DEBUG] [oshi.util.FileUtil/]: Reading file /sys/devices/system/cpu/cpu14/cache/index2/coherency_line_size
[31Mar2026 00:26:26.757] [Render thread/DEBUG] [oshi.util.FileUtil/]: Reading file /sys/devices/system/cpu/cpu14/cache/index2/coherency_line_size
[31Mar2026 00:26:26.757] [Render thread/DEBUG] [oshi.util.FileUtil/]: Reading file /sys/devices/system/cpu/cpu14/cache/index2/size
[31Mar2026 00:26:26.757] [Render thread/DEBUG] [oshi.util.FileUtil/]: Reading file /sys/devices/system/cpu/cpu14/cache/index2/size
[31Mar2026 00:26:26.757] [Render thread/DEBUG] [oshi.util.FileUtil/]: Reading file /sys/devices/system/cpu/cpu14/cache/index0/level
[31Mar2026 00:26:26.757] [Render thread/DEBUG] [oshi.util.FileUtil/]: Reading file /sys/devices/system/cpu/cpu14/cache/index0/level
[31Mar2026 00:26:26.757] [Render thread/DEBUG] [oshi.util.FileUtil/]: Reading file /sys/devices/system/cpu/cpu14/cache/index0/type
[31Mar2026 00:26:26.757] [Render thread/DEBUG] [oshi.util.FileUtil/]: Reading file /sys/devices/system/cpu/cpu14/cache/index0/type
[31Mar2026 00:26:26.757] [Render thread/DEBUG] [oshi.util.FileUtil/]: Reading file /sys/devices/system/cpu/cpu14/cache/index0/ways_of_associativity
[31Mar2026 00:26:26.757] [Render thread/DEBUG] [oshi.util.FileUtil/]: Reading file /sys/devices/system/cpu/cpu14/cache/index0/ways_of_associativity
[31Mar2026 00:26:26.757] [Render thread/DEBUG] [oshi.util.FileUtil/]: Reading file /sys/devices/system/cpu/cpu14/cache/index0/coherency_line_size
[31Mar2026 00:26:26.757] [Render thread/DEBUG] [oshi.util.FileUtil/]: Reading file /sys/devices/system/cpu/cpu14/cache/index0/coherency_line_size
[31Mar2026 00:26:26.757] [Render thread/DEBUG] [oshi.util.FileUtil/]: Reading file /sys/devices/system/cpu/cpu14/cache/index0/size
[31Mar2026 00:26:26.757] [Render thread/DEBUG] [oshi.util.FileUtil/]: Reading file /sys/devices/system/cpu/cpu14/cache/index0/size
[31Mar2026 00:26:26.757] [Render thread/DEBUG] [oshi.util.FileUtil/]: Reading file /sys/devices/system/cpu/cpu14/cache/index3/level
[31Mar2026 00:26:26.757] [Render thread/DEBUG] [oshi.util.FileUtil/]: Reading file /sys/devices/system/cpu/cpu14/cache/index3/level
[31Mar2026 00:26:26.758] [Render thread/DEBUG] [oshi.util.FileUtil/]: Reading file /sys/devices/system/cpu/cpu14/cache/index3/type
[31Mar2026 00:26:26.758] [Render thread/DEBUG] [oshi.util.FileUtil/]: Reading file /sys/devices/system/cpu/cpu14/cache/index3/type
[31Mar2026 00:26:26.758] [Render thread/DEBUG] [oshi.util.FileUtil/]: Reading file /sys/devices/system/cpu/cpu14/cache/index3/ways_of_associativity
[31Mar2026 00:26:26.758] [Render thread/DEBUG] [oshi.util.FileUtil/]: Reading file /sys/devices/system/cpu/cpu14/cache/index3/ways_of_associativity
[31Mar2026 00:26:26.758] [Render thread/DEBUG] [oshi.util.FileUtil/]: Reading file /sys/devices/system/cpu/cpu14/cache/index3/coherency_line_size
[31Mar2026 00:26:26.758] [Render thread/DEBUG] [oshi.util.FileUtil/]: Reading file /sys/devices/system/cpu/cpu14/cache/index3/coherency_line_size
[31Mar2026 00:26:26.758] [Render thread/DEBUG] [oshi.util.FileUtil/]: Reading file /sys/devices/system/cpu/cpu14/cache/index3/size
[31Mar2026 00:26:26.758] [Render thread/DEBUG] [oshi.util.FileUtil/]: Reading file /sys/devices/system/cpu/cpu14/cache/index3/size
[31Mar2026 00:26:26.758] [Render thread/DEBUG] [oshi.util.FileUtil/]: Reading file /sys/devices/system/cpu/cpu14/cache/index1/level
[31Mar2026 00:26:26.758] [Render thread/DEBUG] [oshi.util.FileUtil/]: Reading file /sys/devices/system/cpu/cpu14/cache/index1/level
[31Mar2026 00:26:26.758] [Render thread/DEBUG] [oshi.util.FileUtil/]: Reading file /sys/devices/system/cpu/cpu14/cache/index1/type
[31Mar2026 00:26:26.758] [Render thread/DEBUG] [oshi.util.FileUtil/]: Reading file /sys/devices/system/cpu/cpu14/cache/index1/type
[31Mar2026 00:26:26.758] [Render thread/DEBUG] [oshi.util.FileUtil/]: Reading file /sys/devices/system/cpu/cpu14/cache/index1/ways_of_associativity
[31Mar2026 00:26:26.758] [Render thread/DEBUG] [oshi.util.FileUtil/]: Reading file /sys/devices/system/cpu/cpu14/cache/index1/ways_of_associativity
[31Mar2026 00:26:26.758] [Render thread/DEBUG] [oshi.util.FileUtil/]: Reading file /sys/devices/system/cpu/cpu14/cache/index1/coherency_line_size
[31Mar2026 00:26:26.758] [Render thread/DEBUG] [oshi.util.FileUtil/]: Reading file /sys/devices/system/cpu/cpu14/cache/index1/coherency_line_size
[31Mar2026 00:26:26.758] [Render thread/DEBUG] [oshi.util.FileUtil/]: Reading file /sys/devices/system/cpu/cpu14/cache/index1/size
[31Mar2026 00:26:26.758] [Render thread/DEBUG] [oshi.util.FileUtil/]: Reading file /sys/devices/system/cpu/cpu14/cache/index1/size
[31Mar2026 00:26:26.758] [Render thread/DEBUG] [oshi.util.FileUtil/]: Reading file /sys/devices/system/cpu/cpu15/topology/core_id
[31Mar2026 00:26:26.758] [Render thread/DEBUG] [oshi.util.FileUtil/]: Reading file /sys/devices/system/cpu/cpu15/topology/core_id
[31Mar2026 00:26:26.758] [Render thread/DEBUG] [oshi.util.FileUtil/]: Reading file /sys/devices/system/cpu/cpu15/topology/physical_package_id
[31Mar2026 00:26:26.758] [Render thread/DEBUG] [oshi.util.FileUtil/]: Reading file /sys/devices/system/cpu/cpu15/topology/physical_package_id
[31Mar2026 00:26:26.758] [Render thread/DEBUG] [oshi.util.FileUtil/]: Reading file /sys/devices/system/cpu/cpu15/cpu_capacity
[31Mar2026 00:26:26.758] [Render thread/DEBUG] [oshi.util.FileUtil/]: Reading file /sys/devices/system/cpu/cpu15/cpu_capacity
[31Mar2026 00:26:26.759] [Render thread/DEBUG] [oshi.util.FileUtil/]: Reading file /sys/devices/system/cpu/cpu15/cache/index2/level
[31Mar2026 00:26:26.759] [Render thread/DEBUG] [oshi.util.FileUtil/]: Reading file /sys/devices/system/cpu/cpu15/cache/index2/level
[31Mar2026 00:26:26.759] [Render thread/DEBUG] [oshi.util.FileUtil/]: Reading file /sys/devices/system/cpu/cpu15/cache/index2/type
[31Mar2026 00:26:26.759] [Render thread/DEBUG] [oshi.util.FileUtil/]: Reading file /sys/devices/system/cpu/cpu15/cache/index2/type
[31Mar2026 00:26:26.759] [Render thread/DEBUG] [oshi.util.FileUtil/]: Reading file /sys/devices/system/cpu/cpu15/cache/index2/ways_of_associativity
[31Mar2026 00:26:26.759] [Render thread/DEBUG] [oshi.util.FileUtil/]: Reading file /sys/devices/system/cpu/cpu15/cache/index2/ways_of_associativity
[31Mar2026 00:26:26.759] [Render thread/DEBUG] [oshi.util.FileUtil/]: Reading file /sys/devices/system/cpu/cpu15/cache/index2/coherency_line_size
[31Mar2026 00:26:26.759] [Render thread/DEBUG] [oshi.util.FileUtil/]: Reading file /sys/devices/system/cpu/cpu15/cache/index2/coherency_line_size
[31Mar2026 00:26:26.759] [Render thread/DEBUG] [oshi.util.FileUtil/]: Reading file /sys/devices/system/cpu/cpu15/cache/index2/size
[31Mar2026 00:26:26.759] [Render thread/DEBUG] [oshi.util.FileUtil/]: Reading file /sys/devices/system/cpu/cpu15/cache/index2/size
[31Mar2026 00:26:26.759] [Render thread/DEBUG] [oshi.util.FileUtil/]: Reading file /sys/devices/system/cpu/cpu15/cache/index0/level
[31Mar2026 00:26:26.759] [Render thread/DEBUG] [oshi.util.FileUtil/]: Reading file /sys/devices/system/cpu/cpu15/cache/index0/level
[31Mar2026 00:26:26.759] [Render thread/DEBUG] [oshi.util.FileUtil/]: Reading file /sys/devices/system/cpu/cpu15/cache/index0/type
[31Mar2026 00:26:26.759] [Render thread/DEBUG] [oshi.util.FileUtil/]: Reading file /sys/devices/system/cpu/cpu15/cache/index0/type
[31Mar2026 00:26:26.759] [Render thread/DEBUG] [oshi.util.FileUtil/]: Reading file /sys/devices/system/cpu/cpu15/cache/index0/ways_of_associativity
[31Mar2026 00:26:26.759] [Render thread/DEBUG] [oshi.util.FileUtil/]: Reading file /sys/devices/system/cpu/cpu15/cache/index0/ways_of_associativity
[31Mar2026 00:26:26.759] [Render thread/DEBUG] [oshi.util.FileUtil/]: Reading file /sys/devices/system/cpu/cpu15/cache/index0/coherency_line_size
[31Mar2026 00:26:26.759] [Render thread/DEBUG] [oshi.util.FileUtil/]: Reading file /sys/devices/system/cpu/cpu15/cache/index0/coherency_line_size
[31Mar2026 00:26:26.759] [Render thread/DEBUG] [oshi.util.FileUtil/]: Reading file /sys/devices/system/cpu/cpu15/cache/index0/size
[31Mar2026 00:26:26.759] [Render thread/DEBUG] [oshi.util.FileUtil/]: Reading file /sys/devices/system/cpu/cpu15/cache/index0/size
[31Mar2026 00:26:26.759] [Render thread/DEBUG] [oshi.util.FileUtil/]: Reading file /sys/devices/system/cpu/cpu15/cache/index3/level
[31Mar2026 00:26:26.759] [Render thread/DEBUG] [oshi.util.FileUtil/]: Reading file /sys/devices/system/cpu/cpu15/cache/index3/level
[31Mar2026 00:26:26.759] [Render thread/DEBUG] [oshi.util.FileUtil/]: Reading file /sys/devices/system/cpu/cpu15/cache/index3/type
[31Mar2026 00:26:26.759] [Render thread/DEBUG] [oshi.util.FileUtil/]: Reading file /sys/devices/system/cpu/cpu15/cache/index3/type
[31Mar2026 00:26:26.759] [Render thread/DEBUG] [oshi.util.FileUtil/]: Reading file /sys/devices/system/cpu/cpu15/cache/index3/ways_of_associativity
[31Mar2026 00:26:26.759] [Render thread/DEBUG] [oshi.util.FileUtil/]: Reading file /sys/devices/system/cpu/cpu15/cache/index3/ways_of_associativity
[31Mar2026 00:26:26.759] [Render thread/DEBUG] [oshi.util.FileUtil/]: Reading file /sys/devices/system/cpu/cpu15/cache/index3/coherency_line_size
[31Mar2026 00:26:26.759] [Render thread/DEBUG] [oshi.util.FileUtil/]: Reading file /sys/devices/system/cpu/cpu15/cache/index3/coherency_line_size
[31Mar2026 00:26:26.759] [Render thread/DEBUG] [oshi.util.FileUtil/]: Reading file /sys/devices/system/cpu/cpu15/cache/index3/size
[31Mar2026 00:26:26.759] [Render thread/DEBUG] [oshi.util.FileUtil/]: Reading file /sys/devices/system/cpu/cpu15/cache/index3/size
[31Mar2026 00:26:26.759] [Render thread/DEBUG] [oshi.util.FileUtil/]: Reading file /sys/devices/system/cpu/cpu15/cache/index1/level
[31Mar2026 00:26:26.759] [Render thread/DEBUG] [oshi.util.FileUtil/]: Reading file /sys/devices/system/cpu/cpu15/cache/index1/level
[31Mar2026 00:26:26.760] [Render thread/DEBUG] [oshi.util.FileUtil/]: Reading file /sys/devices/system/cpu/cpu15/cache/index1/type
[31Mar2026 00:26:26.760] [Render thread/DEBUG] [oshi.util.FileUtil/]: Reading file /sys/devices/system/cpu/cpu15/cache/index1/type
[31Mar2026 00:26:26.760] [Render thread/DEBUG] [oshi.util.FileUtil/]: Reading file /sys/devices/system/cpu/cpu15/cache/index1/ways_of_associativity
[31Mar2026 00:26:26.760] [Render thread/DEBUG] [oshi.util.FileUtil/]: Reading file /sys/devices/system/cpu/cpu15/cache/index1/ways_of_associativity
[31Mar2026 00:26:26.760] [Render thread/DEBUG] [oshi.util.FileUtil/]: Reading file /sys/devices/system/cpu/cpu15/cache/index1/coherency_line_size
[31Mar2026 00:26:26.760] [Render thread/DEBUG] [oshi.util.FileUtil/]: Reading file /sys/devices/system/cpu/cpu15/cache/index1/coherency_line_size
[31Mar2026 00:26:26.760] [Render thread/DEBUG] [oshi.util.FileUtil/]: Reading file /sys/devices/system/cpu/cpu15/cache/index1/size
[31Mar2026 00:26:26.760] [Render thread/DEBUG] [oshi.util.FileUtil/]: Reading file /sys/devices/system/cpu/cpu15/cache/index1/size
[31Mar2026 00:26:26.760] [Render thread/DEBUG] [oshi.util.FileUtil/]: Reading file /sys/devices/system/cpu/cpu2/topology/core_id
[31Mar2026 00:26:26.760] [Render thread/DEBUG] [oshi.util.FileUtil/]: Reading file /sys/devices/system/cpu/cpu2/topology/core_id
[31Mar2026 00:26:26.760] [Render thread/DEBUG] [oshi.util.FileUtil/]: Reading file /sys/devices/system/cpu/cpu2/topology/physical_package_id
[31Mar2026 00:26:26.760] [Render thread/DEBUG] [oshi.util.FileUtil/]: Reading file /sys/devices/system/cpu/cpu2/topology/physical_package_id
[31Mar2026 00:26:26.760] [Render thread/DEBUG] [oshi.util.FileUtil/]: Reading file /sys/devices/system/cpu/cpu2/cpu_capacity
[31Mar2026 00:26:26.760] [Render thread/DEBUG] [oshi.util.FileUtil/]: Reading file /sys/devices/system/cpu/cpu2/cpu_capacity
[31Mar2026 00:26:26.760] [Render thread/DEBUG] [oshi.util.FileUtil/]: Reading file /sys/devices/system/cpu/cpu2/cache/index2/level
[31Mar2026 00:26:26.760] [Render thread/DEBUG] [oshi.util.FileUtil/]: Reading file /sys/devices/system/cpu/cpu2/cache/index2/level
[31Mar2026 00:26:26.760] [Render thread/DEBUG] [oshi.util.FileUtil/]: Reading file /sys/devices/system/cpu/cpu2/cache/index2/type
[31Mar2026 00:26:26.760] [Render thread/DEBUG] [oshi.util.FileUtil/]: Reading file /sys/devices/system/cpu/cpu2/cache/index2/type
[31Mar2026 00:26:26.760] [Render thread/DEBUG] [oshi.util.FileUtil/]: Reading file /sys/devices/system/cpu/cpu2/cache/index2/ways_of_associativity
[31Mar2026 00:26:26.760] [Render thread/DEBUG] [oshi.util.FileUtil/]: Reading file /sys/devices/system/cpu/cpu2/cache/index2/ways_of_associativity
[31Mar2026 00:26:26.761] [Render thread/DEBUG] [oshi.util.FileUtil/]: Reading file /sys/devices/system/cpu/cpu2/cache/index2/coherency_line_size
[31Mar2026 00:26:26.761] [Render thread/DEBUG] [oshi.util.FileUtil/]: Reading file /sys/devices/system/cpu/cpu2/cache/index2/coherency_line_size
[31Mar2026 00:26:26.761] [Render thread/DEBUG] [oshi.util.FileUtil/]: Reading file /sys/devices/system/cpu/cpu2/cache/index2/size
[31Mar2026 00:26:26.761] [Render thread/DEBUG] [oshi.util.FileUtil/]: Reading file /sys/devices/system/cpu/cpu2/cache/index2/size
[31Mar2026 00:26:26.761] [Render thread/DEBUG] [oshi.util.FileUtil/]: Reading file /sys/devices/system/cpu/cpu2/cache/index0/level
[31Mar2026 00:26:26.761] [Render thread/DEBUG] [oshi.util.FileUtil/]: Reading file /sys/devices/system/cpu/cpu2/cache/index0/level
[31Mar2026 00:26:26.761] [Render thread/DEBUG] [oshi.util.FileUtil/]: Reading file /sys/devices/system/cpu/cpu2/cache/index0/type
[31Mar2026 00:26:26.761] [Render thread/DEBUG] [oshi.util.FileUtil/]: Reading file /sys/devices/system/cpu/cpu2/cache/index0/type
[31Mar2026 00:26:26.761] [Render thread/DEBUG] [oshi.util.FileUtil/]: Reading file /sys/devices/system/cpu/cpu2/cache/index0/ways_of_associativity
[31Mar2026 00:26:26.761] [Render thread/DEBUG] [oshi.util.FileUtil/]: Reading file /sys/devices/system/cpu/cpu2/cache/index0/ways_of_associativity
[31Mar2026 00:26:26.761] [Render thread/DEBUG] [oshi.util.FileUtil/]: Reading file /sys/devices/system/cpu/cpu2/cache/index0/coherency_line_size
[31Mar2026 00:26:26.761] [Render thread/DEBUG] [oshi.util.FileUtil/]: Reading file /sys/devices/system/cpu/cpu2/cache/index0/coherency_line_size
[31Mar2026 00:26:26.761] [Render thread/DEBUG] [oshi.util.FileUtil/]: Reading file /sys/devices/system/cpu/cpu2/cache/index0/size
[31Mar2026 00:26:26.761] [Render thread/DEBUG] [oshi.util.FileUtil/]: Reading file /sys/devices/system/cpu/cpu2/cache/index0/size
[31Mar2026 00:26:26.761] [Render thread/DEBUG] [oshi.util.FileUtil/]: Reading file /sys/devices/system/cpu/cpu2/cache/index3/level
[31Mar2026 00:26:26.761] [Render thread/DEBUG] [oshi.util.FileUtil/]: Reading file /sys/devices/system/cpu/cpu2/cache/index3/level
[31Mar2026 00:26:26.761] [Render thread/DEBUG] [oshi.util.FileUtil/]: Reading file /sys/devices/system/cpu/cpu2/cache/index3/type
[31Mar2026 00:26:26.761] [Render thread/DEBUG] [oshi.util.FileUtil/]: Reading file /sys/devices/system/cpu/cpu2/cache/index3/type
[31Mar2026 00:26:26.761] [Render thread/DEBUG] [oshi.util.FileUtil/]: Reading file /sys/devices/system/cpu/cpu2/cache/index3/ways_of_associativity
[31Mar2026 00:26:26.761] [Render thread/DEBUG] [oshi.util.FileUtil/]: Reading file /sys/devices/system/cpu/cpu2/cache/index3/ways_of_associativity
[31Mar2026 00:26:26.761] [Render thread/DEBUG] [oshi.util.FileUtil/]: Reading file /sys/devices/system/cpu/cpu2/cache/index3/coherency_line_size
[31Mar2026 00:26:26.761] [Render thread/DEBUG] [oshi.util.FileUtil/]: Reading file /sys/devices/system/cpu/cpu2/cache/index3/coherency_line_size
[31Mar2026 00:26:26.761] [Render thread/DEBUG] [oshi.util.FileUtil/]: Reading file /sys/devices/system/cpu/cpu2/cache/index3/size
[31Mar2026 00:26:26.761] [Render thread/DEBUG] [oshi.util.FileUtil/]: Reading file /sys/devices/system/cpu/cpu2/cache/index3/size
[31Mar2026 00:26:26.761] [Render thread/DEBUG] [oshi.util.FileUtil/]: Reading file /sys/devices/system/cpu/cpu2/cache/index1/level
[31Mar2026 00:26:26.761] [Render thread/DEBUG] [oshi.util.FileUtil/]: Reading file /sys/devices/system/cpu/cpu2/cache/index1/level
[31Mar2026 00:26:26.761] [Render thread/DEBUG] [oshi.util.FileUtil/]: Reading file /sys/devices/system/cpu/cpu2/cache/index1/type
[31Mar2026 00:26:26.761] [Render thread/DEBUG] [oshi.util.FileUtil/]: Reading file /sys/devices/system/cpu/cpu2/cache/index1/type
[31Mar2026 00:26:26.761] [Render thread/DEBUG] [oshi.util.FileUtil/]: Reading file /sys/devices/system/cpu/cpu2/cache/index1/ways_of_associativity
[31Mar2026 00:26:26.761] [Render thread/DEBUG] [oshi.util.FileUtil/]: Reading file /sys/devices/system/cpu/cpu2/cache/index1/ways_of_associativity
[31Mar2026 00:26:26.761] [Render thread/DEBUG] [oshi.util.FileUtil/]: Reading file /sys/devices/system/cpu/cpu2/cache/index1/coherency_line_size
[31Mar2026 00:26:26.761] [Render thread/DEBUG] [oshi.util.FileUtil/]: Reading file /sys/devices/system/cpu/cpu2/cache/index1/coherency_line_size
[31Mar2026 00:26:26.761] [Render thread/DEBUG] [oshi.util.FileUtil/]: Reading file /sys/devices/system/cpu/cpu2/cache/index1/size
[31Mar2026 00:26:26.761] [Render thread/DEBUG] [oshi.util.FileUtil/]: Reading file /sys/devices/system/cpu/cpu2/cache/index1/size
[31Mar2026 00:26:26.762] [Render thread/DEBUG] [oshi.util.FileUtil/]: Reading file /sys/devices/system/cpu/cpu3/topology/core_id
[31Mar2026 00:26:26.762] [Render thread/DEBUG] [oshi.util.FileUtil/]: Reading file /sys/devices/system/cpu/cpu3/topology/core_id
[31Mar2026 00:26:26.762] [Render thread/DEBUG] [oshi.util.FileUtil/]: Reading file /sys/devices/system/cpu/cpu3/topology/physical_package_id
[31Mar2026 00:26:26.762] [Render thread/DEBUG] [oshi.util.FileUtil/]: Reading file /sys/devices/system/cpu/cpu3/topology/physical_package_id
[31Mar2026 00:26:26.762] [Render thread/DEBUG] [oshi.util.FileUtil/]: Reading file /sys/devices/system/cpu/cpu3/cpu_capacity
[31Mar2026 00:26:26.762] [Render thread/DEBUG] [oshi.util.FileUtil/]: Reading file /sys/devices/system/cpu/cpu3/cpu_capacity
[31Mar2026 00:26:26.762] [Render thread/DEBUG] [oshi.util.FileUtil/]: Reading file /sys/devices/system/cpu/cpu3/cache/index2/level
[31Mar2026 00:26:26.762] [Render thread/DEBUG] [oshi.util.FileUtil/]: Reading file /sys/devices/system/cpu/cpu3/cache/index2/level
[31Mar2026 00:26:26.762] [Render thread/DEBUG] [oshi.util.FileUtil/]: Reading file /sys/devices/system/cpu/cpu3/cache/index2/type
[31Mar2026 00:26:26.762] [Render thread/DEBUG] [oshi.util.FileUtil/]: Reading file /sys/devices/system/cpu/cpu3/cache/index2/type
[31Mar2026 00:26:26.762] [Render thread/DEBUG] [oshi.util.FileUtil/]: Reading file /sys/devices/system/cpu/cpu3/cache/index2/ways_of_associativity
[31Mar2026 00:26:26.762] [Render thread/DEBUG] [oshi.util.FileUtil/]: Reading file /sys/devices/system/cpu/cpu3/cache/index2/ways_of_associativity
[31Mar2026 00:26:26.762] [Render thread/DEBUG] [oshi.util.FileUtil/]: Reading file /sys/devices/system/cpu/cpu3/cache/index2/coherency_line_size
[31Mar2026 00:26:26.762] [Render thread/DEBUG] [oshi.util.FileUtil/]: Reading file /sys/devices/system/cpu/cpu3/cache/index2/coherency_line_size
[31Mar2026 00:26:26.762] [Render thread/DEBUG] [oshi.util.FileUtil/]: Reading file /sys/devices/system/cpu/cpu3/cache/index2/size
[31Mar2026 00:26:26.762] [Render thread/DEBUG] [oshi.util.FileUtil/]: Reading file /sys/devices/system/cpu/cpu3/cache/index2/size
[31Mar2026 00:26:26.762] [Render thread/DEBUG] [oshi.util.FileUtil/]: Reading file /sys/devices/system/cpu/cpu3/cache/index0/level
[31Mar2026 00:26:26.762] [Render thread/DEBUG] [oshi.util.FileUtil/]: Reading file /sys/devices/system/cpu/cpu3/cache/index0/level
[31Mar2026 00:26:26.762] [Render thread/DEBUG] [oshi.util.FileUtil/]: Reading file /sys/devices/system/cpu/cpu3/cache/index0/type
[31Mar2026 00:26:26.762] [Render thread/DEBUG] [oshi.util.FileUtil/]: Reading file /sys/devices/system/cpu/cpu3/cache/index0/type
[31Mar2026 00:26:26.762] [Render thread/DEBUG] [oshi.util.FileUtil/]: Reading file /sys/devices/system/cpu/cpu3/cache/index0/ways_of_associativity
[31Mar2026 00:26:26.762] [Render thread/DEBUG] [oshi.util.FileUtil/]: Reading file /sys/devices/system/cpu/cpu3/cache/index0/ways_of_associativity
[31Mar2026 00:26:26.762] [Render thread/DEBUG] [oshi.util.FileUtil/]: Reading file /sys/devices/system/cpu/cpu3/cache/index0/coherency_line_size
[31Mar2026 00:26:26.762] [Render thread/DEBUG] [oshi.util.FileUtil/]: Reading file /sys/devices/system/cpu/cpu3/cache/index0/coherency_line_size
[31Mar2026 00:26:26.763] [Render thread/DEBUG] [oshi.util.FileUtil/]: Reading file /sys/devices/system/cpu/cpu3/cache/index0/size
[31Mar2026 00:26:26.763] [Render thread/DEBUG] [oshi.util.FileUtil/]: Reading file /sys/devices/system/cpu/cpu3/cache/index0/size
[31Mar2026 00:26:26.763] [Render thread/DEBUG] [oshi.util.FileUtil/]: Reading file /sys/devices/system/cpu/cpu3/cache/index3/level
[31Mar2026 00:26:26.763] [Render thread/DEBUG] [oshi.util.FileUtil/]: Reading file /sys/devices/system/cpu/cpu3/cache/index3/level
[31Mar2026 00:26:26.763] [Render thread/DEBUG] [oshi.util.FileUtil/]: Reading file /sys/devices/system/cpu/cpu3/cache/index3/type
[31Mar2026 00:26:26.763] [Render thread/DEBUG] [oshi.util.FileUtil/]: Reading file /sys/devices/system/cpu/cpu3/cache/index3/type
[31Mar2026 00:26:26.763] [Render thread/DEBUG] [oshi.util.FileUtil/]: Reading file /sys/devices/system/cpu/cpu3/cache/index3/ways_of_associativity
[31Mar2026 00:26:26.763] [Render thread/DEBUG] [oshi.util.FileUtil/]: Reading file /sys/devices/system/cpu/cpu3/cache/index3/ways_of_associativity
[31Mar2026 00:26:26.763] [Render thread/DEBUG] [oshi.util.FileUtil/]: Reading file /sys/devices/system/cpu/cpu3/cache/index3/coherency_line_size
[31Mar2026 00:26:26.763] [Render thread/DEBUG] [oshi.util.FileUtil/]: Reading file /sys/devices/system/cpu/cpu3/cache/index3/coherency_line_size
[31Mar2026 00:26:26.763] [Render thread/DEBUG] [oshi.util.FileUtil/]: Reading file /sys/devices/system/cpu/cpu3/cache/index3/size
[31Mar2026 00:26:26.763] [Render thread/DEBUG] [oshi.util.FileUtil/]: Reading file /sys/devices/system/cpu/cpu3/cache/index3/size
[31Mar2026 00:26:26.763] [Render thread/DEBUG] [oshi.util.FileUtil/]: Reading file /sys/devices/system/cpu/cpu3/cache/index1/level
[31Mar2026 00:26:26.763] [Render thread/DEBUG] [oshi.util.FileUtil/]: Reading file /sys/devices/system/cpu/cpu3/cache/index1/level
[31Mar2026 00:26:26.763] [Render thread/DEBUG] [oshi.util.FileUtil/]: Reading file /sys/devices/system/cpu/cpu3/cache/index1/type
[31Mar2026 00:26:26.763] [Render thread/DEBUG] [oshi.util.FileUtil/]: Reading file /sys/devices/system/cpu/cpu3/cache/index1/type
[31Mar2026 00:26:26.763] [Render thread/DEBUG] [oshi.util.FileUtil/]: Reading file /sys/devices/system/cpu/cpu3/cache/index1/ways_of_associativity
[31Mar2026 00:26:26.763] [Render thread/DEBUG] [oshi.util.FileUtil/]: Reading file /sys/devices/system/cpu/cpu3/cache/index1/ways_of_associativity
[31Mar2026 00:26:26.763] [Render thread/DEBUG] [oshi.util.FileUtil/]: Reading file /sys/devices/system/cpu/cpu3/cache/index1/coherency_line_size
[31Mar2026 00:26:26.763] [Render thread/DEBUG] [oshi.util.FileUtil/]: Reading file /sys/devices/system/cpu/cpu3/cache/index1/coherency_line_size
[31Mar2026 00:26:26.763] [Render thread/DEBUG] [oshi.util.FileUtil/]: Reading file /sys/devices/system/cpu/cpu3/cache/index1/size
[31Mar2026 00:26:26.763] [Render thread/DEBUG] [oshi.util.FileUtil/]: Reading file /sys/devices/system/cpu/cpu3/cache/index1/size
[31Mar2026 00:26:26.763] [Render thread/DEBUG] [oshi.util.FileUtil/]: Reading file /sys/devices/system/cpu/cpu4/topology/core_id
[31Mar2026 00:26:26.764] [Render thread/DEBUG] [oshi.util.FileUtil/]: Reading file /sys/devices/system/cpu/cpu4/topology/core_id
[31Mar2026 00:26:26.764] [Render thread/DEBUG] [oshi.util.FileUtil/]: Reading file /sys/devices/system/cpu/cpu4/topology/physical_package_id
[31Mar2026 00:26:26.764] [Render thread/DEBUG] [oshi.util.FileUtil/]: Reading file /sys/devices/system/cpu/cpu4/topology/physical_package_id
[31Mar2026 00:26:26.764] [Render thread/DEBUG] [oshi.util.FileUtil/]: Reading file /sys/devices/system/cpu/cpu4/cpu_capacity
[31Mar2026 00:26:26.764] [Render thread/DEBUG] [oshi.util.FileUtil/]: Reading file /sys/devices/system/cpu/cpu4/cpu_capacity
[31Mar2026 00:26:26.764] [Render thread/DEBUG] [oshi.util.FileUtil/]: Reading file /sys/devices/system/cpu/cpu4/cache/index2/level
[31Mar2026 00:26:26.764] [Render thread/DEBUG] [oshi.util.FileUtil/]: Reading file /sys/devices/system/cpu/cpu4/cache/index2/level
[31Mar2026 00:26:26.764] [Render thread/DEBUG] [oshi.util.FileUtil/]: Reading file /sys/devices/system/cpu/cpu4/cache/index2/type
[31Mar2026 00:26:26.764] [Render thread/DEBUG] [oshi.util.FileUtil/]: Reading file /sys/devices/system/cpu/cpu4/cache/index2/type
[31Mar2026 00:26:26.764] [Render thread/DEBUG] [oshi.util.FileUtil/]: Reading file /sys/devices/system/cpu/cpu4/cache/index2/ways_of_associativity
[31Mar2026 00:26:26.764] [Render thread/DEBUG] [oshi.util.FileUtil/]: Reading file /sys/devices/system/cpu/cpu4/cache/index2/ways_of_associativity
[31Mar2026 00:26:26.764] [Render thread/DEBUG] [oshi.util.FileUtil/]: Reading file /sys/devices/system/cpu/cpu4/cache/index2/coherency_line_size
[31Mar2026 00:26:26.764] [Render thread/DEBUG] [oshi.util.FileUtil/]: Reading file /sys/devices/system/cpu/cpu4/cache/index2/coherency_line_size
[31Mar2026 00:26:26.764] [Render thread/DEBUG] [oshi.util.FileUtil/]: Reading file /sys/devices/system/cpu/cpu4/cache/index2/size
[31Mar2026 00:26:26.764] [Render thread/DEBUG] [oshi.util.FileUtil/]: Reading file /sys/devices/system/cpu/cpu4/cache/index2/size
[31Mar2026 00:26:26.764] [Render thread/DEBUG] [oshi.util.FileUtil/]: Reading file /sys/devices/system/cpu/cpu4/cache/index0/level
[31Mar2026 00:26:26.764] [Render thread/DEBUG] [oshi.util.FileUtil/]: Reading file /sys/devices/system/cpu/cpu4/cache/index0/level
[31Mar2026 00:26:26.764] [Render thread/DEBUG] [oshi.util.FileUtil/]: Reading file /sys/devices/system/cpu/cpu4/cache/index0/type
[31Mar2026 00:26:26.764] [Render thread/DEBUG] [oshi.util.FileUtil/]: Reading file /sys/devices/system/cpu/cpu4/cache/index0/type
[31Mar2026 00:26:26.764] [Render thread/DEBUG] [oshi.util.FileUtil/]: Reading file /sys/devices/system/cpu/cpu4/cache/index0/ways_of_associativity
[31Mar2026 00:26:26.764] [Render thread/DEBUG] [oshi.util.FileUtil/]: Reading file /sys/devices/system/cpu/cpu4/cache/index0/ways_of_associativity
[31Mar2026 00:26:26.764] [Render thread/DEBUG] [oshi.util.FileUtil/]: Reading file /sys/devices/system/cpu/cpu4/cache/index0/coherency_line_size
[31Mar2026 00:26:26.764] [Render thread/DEBUG] [oshi.util.FileUtil/]: Reading file /sys/devices/system/cpu/cpu4/cache/index0/coherency_line_size
[31Mar2026 00:26:26.764] [Render thread/DEBUG] [oshi.util.FileUtil/]: Reading file /sys/devices/system/cpu/cpu4/cache/index0/size
[31Mar2026 00:26:26.764] [Render thread/DEBUG] [oshi.util.FileUtil/]: Reading file /sys/devices/system/cpu/cpu4/cache/index0/size
[31Mar2026 00:26:26.764] [Render thread/DEBUG] [oshi.util.FileUtil/]: Reading file /sys/devices/system/cpu/cpu4/cache/index3/level
[31Mar2026 00:26:26.764] [Render thread/DEBUG] [oshi.util.FileUtil/]: Reading file /sys/devices/system/cpu/cpu4/cache/index3/level
[31Mar2026 00:26:26.764] [Render thread/DEBUG] [oshi.util.FileUtil/]: Reading file /sys/devices/system/cpu/cpu4/cache/index3/type
[31Mar2026 00:26:26.765] [Render thread/DEBUG] [oshi.util.FileUtil/]: Reading file /sys/devices/system/cpu/cpu4/cache/index3/type
[31Mar2026 00:26:26.765] [Render thread/DEBUG] [oshi.util.FileUtil/]: Reading file /sys/devices/system/cpu/cpu4/cache/index3/ways_of_associativity
[31Mar2026 00:26:26.765] [Render thread/DEBUG] [oshi.util.FileUtil/]: Reading file /sys/devices/system/cpu/cpu4/cache/index3/ways_of_associativity
[31Mar2026 00:26:26.765] [Render thread/DEBUG] [oshi.util.FileUtil/]: Reading file /sys/devices/system/cpu/cpu4/cache/index3/coherency_line_size
[31Mar2026 00:26:26.765] [Render thread/DEBUG] [oshi.util.FileUtil/]: Reading file /sys/devices/system/cpu/cpu4/cache/index3/coherency_line_size
[31Mar2026 00:26:26.765] [Render thread/DEBUG] [oshi.util.FileUtil/]: Reading file /sys/devices/system/cpu/cpu4/cache/index3/size
[31Mar2026 00:26:26.765] [Render thread/DEBUG] [oshi.util.FileUtil/]: Reading file /sys/devices/system/cpu/cpu4/cache/index3/size
[31Mar2026 00:26:26.765] [Render thread/DEBUG] [oshi.util.FileUtil/]: Reading file /sys/devices/system/cpu/cpu4/cache/index1/level
[31Mar2026 00:26:26.765] [Render thread/DEBUG] [oshi.util.FileUtil/]: Reading file /sys/devices/system/cpu/cpu4/cache/index1/level
[31Mar2026 00:26:26.765] [Render thread/DEBUG] [oshi.util.FileUtil/]: Reading file /sys/devices/system/cpu/cpu4/cache/index1/type
[31Mar2026 00:26:26.765] [Render thread/DEBUG] [oshi.util.FileUtil/]: Reading file /sys/devices/system/cpu/cpu4/cache/index1/type
[31Mar2026 00:26:26.765] [Render thread/DEBUG] [oshi.util.FileUtil/]: Reading file /sys/devices/system/cpu/cpu4/cache/index1/ways_of_associativity
[31Mar2026 00:26:26.765] [Render thread/DEBUG] [oshi.util.FileUtil/]: Reading file /sys/devices/system/cpu/cpu4/cache/index1/ways_of_associativity
[31Mar2026 00:26:26.765] [Render thread/DEBUG] [oshi.util.FileUtil/]: Reading file /sys/devices/system/cpu/cpu4/cache/index1/coherency_line_size
[31Mar2026 00:26:26.765] [Render thread/DEBUG] [oshi.util.FileUtil/]: Reading file /sys/devices/system/cpu/cpu4/cache/index1/coherency_line_size
[31Mar2026 00:26:26.765] [Render thread/DEBUG] [oshi.util.FileUtil/]: Reading file /sys/devices/system/cpu/cpu4/cache/index1/size
[31Mar2026 00:26:26.765] [Render thread/DEBUG] [oshi.util.FileUtil/]: Reading file /sys/devices/system/cpu/cpu4/cache/index1/size
[31Mar2026 00:26:26.765] [Render thread/DEBUG] [oshi.util.FileUtil/]: Reading file /sys/devices/system/cpu/cpu5/topology/core_id
[31Mar2026 00:26:26.765] [Render thread/DEBUG] [oshi.util.FileUtil/]: Reading file /sys/devices/system/cpu/cpu5/topology/core_id
[31Mar2026 00:26:26.766] [Render thread/DEBUG] [oshi.util.FileUtil/]: Reading file /sys/devices/system/cpu/cpu5/topology/physical_package_id
[31Mar2026 00:26:26.766] [Render thread/DEBUG] [oshi.util.FileUtil/]: Reading file /sys/devices/system/cpu/cpu5/topology/physical_package_id
[31Mar2026 00:26:26.766] [Render thread/DEBUG] [oshi.util.FileUtil/]: Reading file /sys/devices/system/cpu/cpu5/cpu_capacity
[31Mar2026 00:26:26.766] [Render thread/DEBUG] [oshi.util.FileUtil/]: Reading file /sys/devices/system/cpu/cpu5/cpu_capacity
[31Mar2026 00:26:26.766] [Render thread/DEBUG] [oshi.util.FileUtil/]: Reading file /sys/devices/system/cpu/cpu5/cache/index2/level
[31Mar2026 00:26:26.766] [Render thread/DEBUG] [oshi.util.FileUtil/]: Reading file /sys/devices/system/cpu/cpu5/cache/index2/level
[31Mar2026 00:26:26.766] [Render thread/DEBUG] [oshi.util.FileUtil/]: Reading file /sys/devices/system/cpu/cpu5/cache/index2/type
[31Mar2026 00:26:26.766] [Render thread/DEBUG] [oshi.util.FileUtil/]: Reading file /sys/devices/system/cpu/cpu5/cache/index2/type
[31Mar2026 00:26:26.766] [Render thread/DEBUG] [oshi.util.FileUtil/]: Reading file /sys/devices/system/cpu/cpu5/cache/index2/ways_of_associativity
[31Mar2026 00:26:26.766] [Render thread/DEBUG] [oshi.util.FileUtil/]: Reading file /sys/devices/system/cpu/cpu5/cache/index2/ways_of_associativity
[31Mar2026 00:26:26.766] [Render thread/DEBUG] [oshi.util.FileUtil/]: Reading file /sys/devices/system/cpu/cpu5/cache/index2/coherency_line_size
[31Mar2026 00:26:26.766] [Render thread/DEBUG] [oshi.util.FileUtil/]: Reading file /sys/devices/system/cpu/cpu5/cache/index2/coherency_line_size
[31Mar2026 00:26:26.766] [Render thread/DEBUG] [oshi.util.FileUtil/]: Reading file /sys/devices/system/cpu/cpu5/cache/index2/size
[31Mar2026 00:26:26.766] [Render thread/DEBUG] [oshi.util.FileUtil/]: Reading file /sys/devices/system/cpu/cpu5/cache/index2/size
[31Mar2026 00:26:26.766] [Render thread/DEBUG] [oshi.util.FileUtil/]: Reading file /sys/devices/system/cpu/cpu5/cache/index0/level
[31Mar2026 00:26:26.766] [Render thread/DEBUG] [oshi.util.FileUtil/]: Reading file /sys/devices/system/cpu/cpu5/cache/index0/level
[31Mar2026 00:26:26.766] [Render thread/DEBUG] [oshi.util.FileUtil/]: Reading file /sys/devices/system/cpu/cpu5/cache/index0/type
[31Mar2026 00:26:26.766] [Render thread/DEBUG] [oshi.util.FileUtil/]: Reading file /sys/devices/system/cpu/cpu5/cache/index0/type
[31Mar2026 00:26:26.766] [Render thread/DEBUG] [oshi.util.FileUtil/]: Reading file /sys/devices/system/cpu/cpu5/cache/index0/ways_of_associativity
[31Mar2026 00:26:26.766] [Render thread/DEBUG] [oshi.util.FileUtil/]: Reading file /sys/devices/system/cpu/cpu5/cache/index0/ways_of_associativity
[31Mar2026 00:26:26.766] [Render thread/DEBUG] [oshi.util.FileUtil/]: Reading file /sys/devices/system/cpu/cpu5/cache/index0/coherency_line_size
[31Mar2026 00:26:26.766] [Render thread/DEBUG] [oshi.util.FileUtil/]: Reading file /sys/devices/system/cpu/cpu5/cache/index0/coherency_line_size
[31Mar2026 00:26:26.766] [Render thread/DEBUG] [oshi.util.FileUtil/]: Reading file /sys/devices/system/cpu/cpu5/cache/index0/size
[31Mar2026 00:26:26.766] [Render thread/DEBUG] [oshi.util.FileUtil/]: Reading file /sys/devices/system/cpu/cpu5/cache/index0/size
[31Mar2026 00:26:26.766] [Render thread/DEBUG] [oshi.util.FileUtil/]: Reading file /sys/devices/system/cpu/cpu5/cache/index3/level
[31Mar2026 00:26:26.766] [Render thread/DEBUG] [oshi.util.FileUtil/]: Reading file /sys/devices/system/cpu/cpu5/cache/index3/level
[31Mar2026 00:26:26.766] [Render thread/DEBUG] [oshi.util.FileUtil/]: Reading file /sys/devices/system/cpu/cpu5/cache/index3/type
[31Mar2026 00:26:26.766] [Render thread/DEBUG] [oshi.util.FileUtil/]: Reading file /sys/devices/system/cpu/cpu5/cache/index3/type
[31Mar2026 00:26:26.766] [Render thread/DEBUG] [oshi.util.FileUtil/]: Reading file /sys/devices/system/cpu/cpu5/cache/index3/ways_of_associativity
[31Mar2026 00:26:26.766] [Render thread/DEBUG] [oshi.util.FileUtil/]: Reading file /sys/devices/system/cpu/cpu5/cache/index3/ways_of_associativity
[31Mar2026 00:26:26.766] [Render thread/DEBUG] [oshi.util.FileUtil/]: Reading file /sys/devices/system/cpu/cpu5/cache/index3/coherency_line_size
[31Mar2026 00:26:26.766] [Render thread/DEBUG] [oshi.util.FileUtil/]: Reading file /sys/devices/system/cpu/cpu5/cache/index3/coherency_line_size
[31Mar2026 00:26:26.766] [Render thread/DEBUG] [oshi.util.FileUtil/]: Reading file /sys/devices/system/cpu/cpu5/cache/index3/size
[31Mar2026 00:26:26.766] [Render thread/DEBUG] [oshi.util.FileUtil/]: Reading file /sys/devices/system/cpu/cpu5/cache/index3/size
[31Mar2026 00:26:26.766] [Render thread/DEBUG] [oshi.util.FileUtil/]: Reading file /sys/devices/system/cpu/cpu5/cache/index1/level
[31Mar2026 00:26:26.766] [Render thread/DEBUG] [oshi.util.FileUtil/]: Reading file /sys/devices/system/cpu/cpu5/cache/index1/level
[31Mar2026 00:26:26.767] [Render thread/DEBUG] [oshi.util.FileUtil/]: Reading file /sys/devices/system/cpu/cpu5/cache/index1/type
[31Mar2026 00:26:26.767] [Render thread/DEBUG] [oshi.util.FileUtil/]: Reading file /sys/devices/system/cpu/cpu5/cache/index1/type
[31Mar2026 00:26:26.767] [Render thread/DEBUG] [oshi.util.FileUtil/]: Reading file /sys/devices/system/cpu/cpu5/cache/index1/ways_of_associativity
[31Mar2026 00:26:26.767] [Render thread/DEBUG] [oshi.util.FileUtil/]: Reading file /sys/devices/system/cpu/cpu5/cache/index1/ways_of_associativity
[31Mar2026 00:26:26.767] [Render thread/DEBUG] [oshi.util.FileUtil/]: Reading file /sys/devices/system/cpu/cpu5/cache/index1/coherency_line_size
[31Mar2026 00:26:26.767] [Render thread/DEBUG] [oshi.util.FileUtil/]: Reading file /sys/devices/system/cpu/cpu5/cache/index1/coherency_line_size
[31Mar2026 00:26:26.767] [Render thread/DEBUG] [oshi.util.FileUtil/]: Reading file /sys/devices/system/cpu/cpu5/cache/index1/size
[31Mar2026 00:26:26.767] [Render thread/DEBUG] [oshi.util.FileUtil/]: Reading file /sys/devices/system/cpu/cpu5/cache/index1/size
[31Mar2026 00:26:26.767] [Render thread/DEBUG] [oshi.util.FileUtil/]: Reading file /sys/devices/system/cpu/cpu6/topology/core_id
[31Mar2026 00:26:26.767] [Render thread/DEBUG] [oshi.util.FileUtil/]: Reading file /sys/devices/system/cpu/cpu6/topology/core_id
[31Mar2026 00:26:26.767] [Render thread/DEBUG] [oshi.util.FileUtil/]: Reading file /sys/devices/system/cpu/cpu6/topology/physical_package_id
[31Mar2026 00:26:26.767] [Render thread/DEBUG] [oshi.util.FileUtil/]: Reading file /sys/devices/system/cpu/cpu6/topology/physical_package_id
[31Mar2026 00:26:26.767] [Render thread/DEBUG] [oshi.util.FileUtil/]: Reading file /sys/devices/system/cpu/cpu6/cpu_capacity
[31Mar2026 00:26:26.767] [Render thread/DEBUG] [oshi.util.FileUtil/]: Reading file /sys/devices/system/cpu/cpu6/cpu_capacity
[31Mar2026 00:26:26.768] [Render thread/DEBUG] [oshi.util.FileUtil/]: Reading file /sys/devices/system/cpu/cpu6/cache/index2/level
[31Mar2026 00:26:26.768] [Render thread/DEBUG] [oshi.util.FileUtil/]: Reading file /sys/devices/system/cpu/cpu6/cache/index2/level
[31Mar2026 00:26:26.768] [Render thread/DEBUG] [oshi.util.FileUtil/]: Reading file /sys/devices/system/cpu/cpu6/cache/index2/type
[31Mar2026 00:26:26.768] [Render thread/DEBUG] [oshi.util.FileUtil/]: Reading file /sys/devices/system/cpu/cpu6/cache/index2/type
[31Mar2026 00:26:26.768] [Render thread/DEBUG] [oshi.util.FileUtil/]: Reading file /sys/devices/system/cpu/cpu6/cache/index2/ways_of_associativity
[31Mar2026 00:26:26.768] [Render thread/DEBUG] [oshi.util.FileUtil/]: Reading file /sys/devices/system/cpu/cpu6/cache/index2/ways_of_associativity
[31Mar2026 00:26:26.768] [Render thread/DEBUG] [oshi.util.FileUtil/]: Reading file /sys/devices/system/cpu/cpu6/cache/index2/coherency_line_size
[31Mar2026 00:26:26.768] [Render thread/DEBUG] [oshi.util.FileUtil/]: Reading file /sys/devices/system/cpu/cpu6/cache/index2/coherency_line_size
[31Mar2026 00:26:26.768] [Render thread/DEBUG] [oshi.util.FileUtil/]: Reading file /sys/devices/system/cpu/cpu6/cache/index2/size
[31Mar2026 00:26:26.768] [Render thread/DEBUG] [oshi.util.FileUtil/]: Reading file /sys/devices/system/cpu/cpu6/cache/index2/size
[31Mar2026 00:26:26.768] [Render thread/DEBUG] [oshi.util.FileUtil/]: Reading file /sys/devices/system/cpu/cpu6/cache/index0/level
[31Mar2026 00:26:26.768] [Render thread/DEBUG] [oshi.util.FileUtil/]: Reading file /sys/devices/system/cpu/cpu6/cache/index0/level
[31Mar2026 00:26:26.768] [Render thread/DEBUG] [oshi.util.FileUtil/]: Reading file /sys/devices/system/cpu/cpu6/cache/index0/type
[31Mar2026 00:26:26.768] [Render thread/DEBUG] [oshi.util.FileUtil/]: Reading file /sys/devices/system/cpu/cpu6/cache/index0/type
[31Mar2026 00:26:26.768] [Render thread/DEBUG] [oshi.util.FileUtil/]: Reading file /sys/devices/system/cpu/cpu6/cache/index0/ways_of_associativity
[31Mar2026 00:26:26.768] [Render thread/DEBUG] [oshi.util.FileUtil/]: Reading file /sys/devices/system/cpu/cpu6/cache/index0/ways_of_associativity
[31Mar2026 00:26:26.768] [Render thread/DEBUG] [oshi.util.FileUtil/]: Reading file /sys/devices/system/cpu/cpu6/cache/index0/coherency_line_size
[31Mar2026 00:26:26.768] [Render thread/DEBUG] [oshi.util.FileUtil/]: Reading file /sys/devices/system/cpu/cpu6/cache/index0/coherency_line_size
[31Mar2026 00:26:26.768] [Render thread/DEBUG] [oshi.util.FileUtil/]: Reading file /sys/devices/system/cpu/cpu6/cache/index0/size
[31Mar2026 00:26:26.768] [Render thread/DEBUG] [oshi.util.FileUtil/]: Reading file /sys/devices/system/cpu/cpu6/cache/index0/size
[31Mar2026 00:26:26.768] [Render thread/DEBUG] [oshi.util.FileUtil/]: Reading file /sys/devices/system/cpu/cpu6/cache/index3/level
[31Mar2026 00:26:26.768] [Render thread/DEBUG] [oshi.util.FileUtil/]: Reading file /sys/devices/system/cpu/cpu6/cache/index3/level
[31Mar2026 00:26:26.768] [Render thread/DEBUG] [oshi.util.FileUtil/]: Reading file /sys/devices/system/cpu/cpu6/cache/index3/type
[31Mar2026 00:26:26.768] [Render thread/DEBUG] [oshi.util.FileUtil/]: Reading file /sys/devices/system/cpu/cpu6/cache/index3/type
[31Mar2026 00:26:26.769] [Render thread/DEBUG] [oshi.util.FileUtil/]: Reading file /sys/devices/system/cpu/cpu6/cache/index3/ways_of_associativity
[31Mar2026 00:26:26.769] [Render thread/DEBUG] [oshi.util.FileUtil/]: Reading file /sys/devices/system/cpu/cpu6/cache/index3/ways_of_associativity
[31Mar2026 00:26:26.769] [Render thread/DEBUG] [oshi.util.FileUtil/]: Reading file /sys/devices/system/cpu/cpu6/cache/index3/coherency_line_size
[31Mar2026 00:26:26.769] [Render thread/DEBUG] [oshi.util.FileUtil/]: Reading file /sys/devices/system/cpu/cpu6/cache/index3/coherency_line_size
[31Mar2026 00:26:26.769] [Render thread/DEBUG] [oshi.util.FileUtil/]: Reading file /sys/devices/system/cpu/cpu6/cache/index3/size
[31Mar2026 00:26:26.769] [Render thread/DEBUG] [oshi.util.FileUtil/]: Reading file /sys/devices/system/cpu/cpu6/cache/index3/size
[31Mar2026 00:26:26.769] [Render thread/DEBUG] [oshi.util.FileUtil/]: Reading file /sys/devices/system/cpu/cpu6/cache/index1/level
[31Mar2026 00:26:26.769] [Render thread/DEBUG] [oshi.util.FileUtil/]: Reading file /sys/devices/system/cpu/cpu6/cache/index1/level
[31Mar2026 00:26:26.769] [Render thread/DEBUG] [oshi.util.FileUtil/]: Reading file /sys/devices/system/cpu/cpu6/cache/index1/type
[31Mar2026 00:26:26.769] [Render thread/DEBUG] [oshi.util.FileUtil/]: Reading file /sys/devices/system/cpu/cpu6/cache/index1/type
[31Mar2026 00:26:26.769] [Render thread/DEBUG] [oshi.util.FileUtil/]: Reading file /sys/devices/system/cpu/cpu6/cache/index1/ways_of_associativity
[31Mar2026 00:26:26.769] [Render thread/DEBUG] [oshi.util.FileUtil/]: Reading file /sys/devices/system/cpu/cpu6/cache/index1/ways_of_associativity
[31Mar2026 00:26:26.769] [Render thread/DEBUG] [oshi.util.FileUtil/]: Reading file /sys/devices/system/cpu/cpu6/cache/index1/coherency_line_size
[31Mar2026 00:26:26.769] [Render thread/DEBUG] [oshi.util.FileUtil/]: Reading file /sys/devices/system/cpu/cpu6/cache/index1/coherency_line_size
[31Mar2026 00:26:26.769] [Render thread/DEBUG] [oshi.util.FileUtil/]: Reading file /sys/devices/system/cpu/cpu6/cache/index1/size
[31Mar2026 00:26:26.769] [Render thread/DEBUG] [oshi.util.FileUtil/]: Reading file /sys/devices/system/cpu/cpu6/cache/index1/size
[31Mar2026 00:26:26.770] [Render thread/DEBUG] [oshi.util.FileUtil/]: Reading file /sys/devices/system/cpu/cpu7/topology/core_id
[31Mar2026 00:26:26.770] [Render thread/DEBUG] [oshi.util.FileUtil/]: Reading file /sys/devices/system/cpu/cpu7/topology/core_id
[31Mar2026 00:26:26.770] [Render thread/DEBUG] [oshi.util.FileUtil/]: Reading file /sys/devices/system/cpu/cpu7/topology/physical_package_id
[31Mar2026 00:26:26.770] [Render thread/DEBUG] [oshi.util.FileUtil/]: Reading file /sys/devices/system/cpu/cpu7/topology/physical_package_id
[31Mar2026 00:26:26.770] [Render thread/DEBUG] [oshi.util.FileUtil/]: Reading file /sys/devices/system/cpu/cpu7/cpu_capacity
[31Mar2026 00:26:26.770] [Render thread/DEBUG] [oshi.util.FileUtil/]: Reading file /sys/devices/system/cpu/cpu7/cpu_capacity
[31Mar2026 00:26:26.770] [Render thread/DEBUG] [oshi.util.FileUtil/]: Reading file /sys/devices/system/cpu/cpu7/cache/index2/level
[31Mar2026 00:26:26.770] [Render thread/DEBUG] [oshi.util.FileUtil/]: Reading file /sys/devices/system/cpu/cpu7/cache/index2/level
[31Mar2026 00:26:26.770] [Render thread/DEBUG] [oshi.util.FileUtil/]: Reading file /sys/devices/system/cpu/cpu7/cache/index2/type
[31Mar2026 00:26:26.770] [Render thread/DEBUG] [oshi.util.FileUtil/]: Reading file /sys/devices/system/cpu/cpu7/cache/index2/type
[31Mar2026 00:26:26.770] [Render thread/DEBUG] [oshi.util.FileUtil/]: Reading file /sys/devices/system/cpu/cpu7/cache/index2/ways_of_associativity
[31Mar2026 00:26:26.770] [Render thread/DEBUG] [oshi.util.FileUtil/]: Reading file /sys/devices/system/cpu/cpu7/cache/index2/ways_of_associativity
[31Mar2026 00:26:26.770] [Render thread/DEBUG] [oshi.util.FileUtil/]: Reading file /sys/devices/system/cpu/cpu7/cache/index2/coherency_line_size
[31Mar2026 00:26:26.770] [Render thread/DEBUG] [oshi.util.FileUtil/]: Reading file /sys/devices/system/cpu/cpu7/cache/index2/coherency_line_size
[31Mar2026 00:26:26.770] [Render thread/DEBUG] [oshi.util.FileUtil/]: Reading file /sys/devices/system/cpu/cpu7/cache/index2/size
[31Mar2026 00:26:26.770] [Render thread/DEBUG] [oshi.util.FileUtil/]: Reading file /sys/devices/system/cpu/cpu7/cache/index2/size
[31Mar2026 00:26:26.770] [Render thread/DEBUG] [oshi.util.FileUtil/]: Reading file /sys/devices/system/cpu/cpu7/cache/index0/level
[31Mar2026 00:26:26.770] [Render thread/DEBUG] [oshi.util.FileUtil/]: Reading file /sys/devices/system/cpu/cpu7/cache/index0/level
[31Mar2026 00:26:26.770] [Render thread/DEBUG] [oshi.util.FileUtil/]: Reading file /sys/devices/system/cpu/cpu7/cache/index0/type
[31Mar2026 00:26:26.770] [Render thread/DEBUG] [oshi.util.FileUtil/]: Reading file /sys/devices/system/cpu/cpu7/cache/index0/type
[31Mar2026 00:26:26.770] [Render thread/DEBUG] [oshi.util.FileUtil/]: Reading file /sys/devices/system/cpu/cpu7/cache/index0/ways_of_associativity
[31Mar2026 00:26:26.770] [Render thread/DEBUG] [oshi.util.FileUtil/]: Reading file /sys/devices/system/cpu/cpu7/cache/index0/ways_of_associativity
[31Mar2026 00:26:26.770] [Render thread/DEBUG] [oshi.util.FileUtil/]: Reading file /sys/devices/system/cpu/cpu7/cache/index0/coherency_line_size
[31Mar2026 00:26:26.770] [Render thread/DEBUG] [oshi.util.FileUtil/]: Reading file /sys/devices/system/cpu/cpu7/cache/index0/coherency_line_size
[31Mar2026 00:26:26.771] [Render thread/DEBUG] [oshi.util.FileUtil/]: Reading file /sys/devices/system/cpu/cpu7/cache/index0/size
[31Mar2026 00:26:26.771] [Render thread/DEBUG] [oshi.util.FileUtil/]: Reading file /sys/devices/system/cpu/cpu7/cache/index0/size
[31Mar2026 00:26:26.771] [Render thread/DEBUG] [oshi.util.FileUtil/]: Reading file /sys/devices/system/cpu/cpu7/cache/index3/level
[31Mar2026 00:26:26.771] [Render thread/DEBUG] [oshi.util.FileUtil/]: Reading file /sys/devices/system/cpu/cpu7/cache/index3/level
[31Mar2026 00:26:26.771] [Render thread/DEBUG] [oshi.util.FileUtil/]: Reading file /sys/devices/system/cpu/cpu7/cache/index3/type
[31Mar2026 00:26:26.771] [Render thread/DEBUG] [oshi.util.FileUtil/]: Reading file /sys/devices/system/cpu/cpu7/cache/index3/type
[31Mar2026 00:26:26.771] [Render thread/DEBUG] [oshi.util.FileUtil/]: Reading file /sys/devices/system/cpu/cpu7/cache/index3/ways_of_associativity
[31Mar2026 00:26:26.771] [Render thread/DEBUG] [oshi.util.FileUtil/]: Reading file /sys/devices/system/cpu/cpu7/cache/index3/ways_of_associativity
[31Mar2026 00:26:26.771] [Render thread/DEBUG] [oshi.util.FileUtil/]: Reading file /sys/devices/system/cpu/cpu7/cache/index3/coherency_line_size
[31Mar2026 00:26:26.771] [Render thread/DEBUG] [oshi.util.FileUtil/]: Reading file /sys/devices/system/cpu/cpu7/cache/index3/coherency_line_size
[31Mar2026 00:26:26.771] [Render thread/DEBUG] [oshi.util.FileUtil/]: Reading file /sys/devices/system/cpu/cpu7/cache/index3/size
[31Mar2026 00:26:26.771] [Render thread/DEBUG] [oshi.util.FileUtil/]: Reading file /sys/devices/system/cpu/cpu7/cache/index3/size
[31Mar2026 00:26:26.771] [Render thread/DEBUG] [oshi.util.FileUtil/]: Reading file /sys/devices/system/cpu/cpu7/cache/index1/level
[31Mar2026 00:26:26.771] [Render thread/DEBUG] [oshi.util.FileUtil/]: Reading file /sys/devices/system/cpu/cpu7/cache/index1/level
[31Mar2026 00:26:26.771] [Render thread/DEBUG] [oshi.util.FileUtil/]: Reading file /sys/devices/system/cpu/cpu7/cache/index1/type
[31Mar2026 00:26:26.771] [Render thread/DEBUG] [oshi.util.FileUtil/]: Reading file /sys/devices/system/cpu/cpu7/cache/index1/type
[31Mar2026 00:26:26.771] [Render thread/DEBUG] [oshi.util.FileUtil/]: Reading file /sys/devices/system/cpu/cpu7/cache/index1/ways_of_associativity
[31Mar2026 00:26:26.771] [Render thread/DEBUG] [oshi.util.FileUtil/]: Reading file /sys/devices/system/cpu/cpu7/cache/index1/ways_of_associativity
[31Mar2026 00:26:26.771] [Render thread/DEBUG] [oshi.util.FileUtil/]: Reading file /sys/devices/system/cpu/cpu7/cache/index1/coherency_line_size
[31Mar2026 00:26:26.771] [Render thread/DEBUG] [oshi.util.FileUtil/]: Reading file /sys/devices/system/cpu/cpu7/cache/index1/coherency_line_size
[31Mar2026 00:26:26.771] [Render thread/DEBUG] [oshi.util.FileUtil/]: Reading file /sys/devices/system/cpu/cpu7/cache/index1/size
[31Mar2026 00:26:26.771] [Render thread/DEBUG] [oshi.util.FileUtil/]: Reading file /sys/devices/system/cpu/cpu7/cache/index1/size
[31Mar2026 00:26:26.772] [Render thread/DEBUG] [oshi.util.FileUtil/]: Reading file /sys/devices/system/cpu/cpu8/topology/core_id
[31Mar2026 00:26:26.772] [Render thread/DEBUG] [oshi.util.FileUtil/]: Reading file /sys/devices/system/cpu/cpu8/topology/core_id
[31Mar2026 00:26:26.772] [Render thread/DEBUG] [oshi.util.FileUtil/]: Reading file /sys/devices/system/cpu/cpu8/topology/physical_package_id
[31Mar2026 00:26:26.772] [Render thread/DEBUG] [oshi.util.FileUtil/]: Reading file /sys/devices/system/cpu/cpu8/topology/physical_package_id
[31Mar2026 00:26:26.772] [Render thread/DEBUG] [oshi.util.FileUtil/]: Reading file /sys/devices/system/cpu/cpu8/cpu_capacity
[31Mar2026 00:26:26.772] [Render thread/DEBUG] [oshi.util.FileUtil/]: Reading file /sys/devices/system/cpu/cpu8/cpu_capacity
[31Mar2026 00:26:26.772] [Render thread/DEBUG] [oshi.util.FileUtil/]: Reading file /sys/devices/system/cpu/cpu8/cache/index2/level
[31Mar2026 00:26:26.772] [Render thread/DEBUG] [oshi.util.FileUtil/]: Reading file /sys/devices/system/cpu/cpu8/cache/index2/level
[31Mar2026 00:26:26.772] [Render thread/DEBUG] [oshi.util.FileUtil/]: Reading file /sys/devices/system/cpu/cpu8/cache/index2/type
[31Mar2026 00:26:26.772] [Render thread/DEBUG] [oshi.util.FileUtil/]: Reading file /sys/devices/system/cpu/cpu8/cache/index2/type
[31Mar2026 00:26:26.772] [Render thread/DEBUG] [oshi.util.FileUtil/]: Reading file /sys/devices/system/cpu/cpu8/cache/index2/ways_of_associativity
[31Mar2026 00:26:26.772] [Render thread/DEBUG] [oshi.util.FileUtil/]: Reading file /sys/devices/system/cpu/cpu8/cache/index2/ways_of_associativity
[31Mar2026 00:26:26.772] [Render thread/DEBUG] [oshi.util.FileUtil/]: Reading file /sys/devices/system/cpu/cpu8/cache/index2/coherency_line_size
[31Mar2026 00:26:26.772] [Render thread/DEBUG] [oshi.util.FileUtil/]: Reading file /sys/devices/system/cpu/cpu8/cache/index2/coherency_line_size
[31Mar2026 00:26:26.772] [Render thread/DEBUG] [oshi.util.FileUtil/]: Reading file /sys/devices/system/cpu/cpu8/cache/index2/size
[31Mar2026 00:26:26.772] [Render thread/DEBUG] [oshi.util.FileUtil/]: Reading file /sys/devices/system/cpu/cpu8/cache/index2/size
[31Mar2026 00:26:26.772] [Render thread/DEBUG] [oshi.util.FileUtil/]: Reading file /sys/devices/system/cpu/cpu8/cache/index0/level
[31Mar2026 00:26:26.772] [Render thread/DEBUG] [oshi.util.FileUtil/]: Reading file /sys/devices/system/cpu/cpu8/cache/index0/level
[31Mar2026 00:26:26.772] [Render thread/DEBUG] [oshi.util.FileUtil/]: Reading file /sys/devices/system/cpu/cpu8/cache/index0/type
[31Mar2026 00:26:26.773] [Render thread/DEBUG] [oshi.util.FileUtil/]: Reading file /sys/devices/system/cpu/cpu8/cache/index0/type
[31Mar2026 00:26:26.773] [Render thread/DEBUG] [oshi.util.FileUtil/]: Reading file /sys/devices/system/cpu/cpu8/cache/index0/ways_of_associativity
[31Mar2026 00:26:26.773] [Render thread/DEBUG] [oshi.util.FileUtil/]: Reading file /sys/devices/system/cpu/cpu8/cache/index0/ways_of_associativity
[31Mar2026 00:26:26.773] [Render thread/DEBUG] [oshi.util.FileUtil/]: Reading file /sys/devices/system/cpu/cpu8/cache/index0/coherency_line_size
[31Mar2026 00:26:26.773] [Render thread/DEBUG] [oshi.util.FileUtil/]: Reading file /sys/devices/system/cpu/cpu8/cache/index0/coherency_line_size
[31Mar2026 00:26:26.773] [Render thread/DEBUG] [oshi.util.FileUtil/]: Reading file /sys/devices/system/cpu/cpu8/cache/index0/size
[31Mar2026 00:26:26.773] [Render thread/DEBUG] [oshi.util.FileUtil/]: Reading file /sys/devices/system/cpu/cpu8/cache/index0/size
[31Mar2026 00:26:26.773] [Render thread/DEBUG] [oshi.util.FileUtil/]: Reading file /sys/devices/system/cpu/cpu8/cache/index3/level
[31Mar2026 00:26:26.773] [Render thread/DEBUG] [oshi.util.FileUtil/]: Reading file /sys/devices/system/cpu/cpu8/cache/index3/level
[31Mar2026 00:26:26.773] [Render thread/DEBUG] [oshi.util.FileUtil/]: Reading file /sys/devices/system/cpu/cpu8/cache/index3/type
[31Mar2026 00:26:26.773] [Render thread/DEBUG] [oshi.util.FileUtil/]: Reading file /sys/devices/system/cpu/cpu8/cache/index3/type
[31Mar2026 00:26:26.773] [Render thread/DEBUG] [oshi.util.FileUtil/]: Reading file /sys/devices/system/cpu/cpu8/cache/index3/ways_of_associativity
[31Mar2026 00:26:26.773] [Render thread/DEBUG] [oshi.util.FileUtil/]: Reading file /sys/devices/system/cpu/cpu8/cache/index3/ways_of_associativity
[31Mar2026 00:26:26.773] [Render thread/DEBUG] [oshi.util.FileUtil/]: Reading file /sys/devices/system/cpu/cpu8/cache/index3/coherency_line_size
[31Mar2026 00:26:26.773] [Render thread/DEBUG] [oshi.util.FileUtil/]: Reading file /sys/devices/system/cpu/cpu8/cache/index3/coherency_line_size
[31Mar2026 00:26:26.773] [Render thread/DEBUG] [oshi.util.FileUtil/]: Reading file /sys/devices/system/cpu/cpu8/cache/index3/size
[31Mar2026 00:26:26.773] [Render thread/DEBUG] [oshi.util.FileUtil/]: Reading file /sys/devices/system/cpu/cpu8/cache/index3/size
[31Mar2026 00:26:26.773] [Render thread/DEBUG] [oshi.util.FileUtil/]: Reading file /sys/devices/system/cpu/cpu8/cache/index1/level
[31Mar2026 00:26:26.773] [Render thread/DEBUG] [oshi.util.FileUtil/]: Reading file /sys/devices/system/cpu/cpu8/cache/index1/level
[31Mar2026 00:26:26.773] [Render thread/DEBUG] [oshi.util.FileUtil/]: Reading file /sys/devices/system/cpu/cpu8/cache/index1/type
[31Mar2026 00:26:26.773] [Render thread/DEBUG] [oshi.util.FileUtil/]: Reading file /sys/devices/system/cpu/cpu8/cache/index1/type
[31Mar2026 00:26:26.773] [Render thread/DEBUG] [oshi.util.FileUtil/]: Reading file /sys/devices/system/cpu/cpu8/cache/index1/ways_of_associativity
[31Mar2026 00:26:26.773] [Render thread/DEBUG] [oshi.util.FileUtil/]: Reading file /sys/devices/system/cpu/cpu8/cache/index1/ways_of_associativity
[31Mar2026 00:26:26.773] [Render thread/DEBUG] [oshi.util.FileUtil/]: Reading file /sys/devices/system/cpu/cpu8/cache/index1/coherency_line_size
[31Mar2026 00:26:26.773] [Render thread/DEBUG] [oshi.util.FileUtil/]: Reading file /sys/devices/system/cpu/cpu8/cache/index1/coherency_line_size
[31Mar2026 00:26:26.773] [Render thread/DEBUG] [oshi.util.FileUtil/]: Reading file /sys/devices/system/cpu/cpu8/cache/index1/size
[31Mar2026 00:26:26.774] [Render thread/DEBUG] [oshi.util.FileUtil/]: Reading file /sys/devices/system/cpu/cpu8/cache/index1/size
[31Mar2026 00:26:26.774] [Render thread/DEBUG] [oshi.util.FileUtil/]: Reading file /sys/devices/system/cpu/cpu9/topology/core_id
[31Mar2026 00:26:26.774] [Render thread/DEBUG] [oshi.util.FileUtil/]: Reading file /sys/devices/system/cpu/cpu9/topology/core_id
[31Mar2026 00:26:26.774] [Render thread/DEBUG] [oshi.util.FileUtil/]: Reading file /sys/devices/system/cpu/cpu9/topology/physical_package_id
[31Mar2026 00:26:26.774] [Render thread/DEBUG] [oshi.util.FileUtil/]: Reading file /sys/devices/system/cpu/cpu9/topology/physical_package_id
[31Mar2026 00:26:26.774] [Render thread/DEBUG] [oshi.util.FileUtil/]: Reading file /sys/devices/system/cpu/cpu9/cpu_capacity
[31Mar2026 00:26:26.774] [Render thread/DEBUG] [oshi.util.FileUtil/]: Reading file /sys/devices/system/cpu/cpu9/cpu_capacity
[31Mar2026 00:26:26.774] [Render thread/DEBUG] [oshi.util.FileUtil/]: Reading file /sys/devices/system/cpu/cpu9/cache/index2/level
[31Mar2026 00:26:26.774] [Render thread/DEBUG] [oshi.util.FileUtil/]: Reading file /sys/devices/system/cpu/cpu9/cache/index2/level
[31Mar2026 00:26:26.774] [Render thread/DEBUG] [oshi.util.FileUtil/]: Reading file /sys/devices/system/cpu/cpu9/cache/index2/type
[31Mar2026 00:26:26.774] [Render thread/DEBUG] [oshi.util.FileUtil/]: Reading file /sys/devices/system/cpu/cpu9/cache/index2/type
[31Mar2026 00:26:26.774] [Render thread/DEBUG] [oshi.util.FileUtil/]: Reading file /sys/devices/system/cpu/cpu9/cache/index2/ways_of_associativity
[31Mar2026 00:26:26.774] [Render thread/DEBUG] [oshi.util.FileUtil/]: Reading file /sys/devices/system/cpu/cpu9/cache/index2/ways_of_associativity
[31Mar2026 00:26:26.774] [Render thread/DEBUG] [oshi.util.FileUtil/]: Reading file /sys/devices/system/cpu/cpu9/cache/index2/coherency_line_size
[31Mar2026 00:26:26.774] [Render thread/DEBUG] [oshi.util.FileUtil/]: Reading file /sys/devices/system/cpu/cpu9/cache/index2/coherency_line_size
[31Mar2026 00:26:26.774] [Render thread/DEBUG] [oshi.util.FileUtil/]: Reading file /sys/devices/system/cpu/cpu9/cache/index2/size
[31Mar2026 00:26:26.774] [Render thread/DEBUG] [oshi.util.FileUtil/]: Reading file /sys/devices/system/cpu/cpu9/cache/index2/size
[31Mar2026 00:26:26.774] [Render thread/DEBUG] [oshi.util.FileUtil/]: Reading file /sys/devices/system/cpu/cpu9/cache/index0/level
[31Mar2026 00:26:26.775] [Render thread/DEBUG] [oshi.util.FileUtil/]: Reading file /sys/devices/system/cpu/cpu9/cache/index0/level
[31Mar2026 00:26:26.775] [Render thread/DEBUG] [oshi.util.FileUtil/]: Reading file /sys/devices/system/cpu/cpu9/cache/index0/type
[31Mar2026 00:26:26.775] [Render thread/DEBUG] [oshi.util.FileUtil/]: Reading file /sys/devices/system/cpu/cpu9/cache/index0/type
[31Mar2026 00:26:26.775] [Render thread/DEBUG] [oshi.util.FileUtil/]: Reading file /sys/devices/system/cpu/cpu9/cache/index0/ways_of_associativity
[31Mar2026 00:26:26.775] [Render thread/DEBUG] [oshi.util.FileUtil/]: Reading file /sys/devices/system/cpu/cpu9/cache/index0/ways_of_associativity
[31Mar2026 00:26:26.775] [Render thread/DEBUG] [oshi.util.FileUtil/]: Reading file /sys/devices/system/cpu/cpu9/cache/index0/coherency_line_size
[31Mar2026 00:26:26.775] [Render thread/DEBUG] [oshi.util.FileUtil/]: Reading file /sys/devices/system/cpu/cpu9/cache/index0/coherency_line_size
[31Mar2026 00:26:26.775] [Render thread/DEBUG] [oshi.util.FileUtil/]: Reading file /sys/devices/system/cpu/cpu9/cache/index0/size
[31Mar2026 00:26:26.775] [Render thread/DEBUG] [oshi.util.FileUtil/]: Reading file /sys/devices/system/cpu/cpu9/cache/index0/size
[31Mar2026 00:26:26.775] [Render thread/DEBUG] [oshi.util.FileUtil/]: Reading file /sys/devices/system/cpu/cpu9/cache/index3/level
[31Mar2026 00:26:26.775] [Render thread/DEBUG] [oshi.util.FileUtil/]: Reading file /sys/devices/system/cpu/cpu9/cache/index3/level
[31Mar2026 00:26:26.775] [Render thread/DEBUG] [oshi.util.FileUtil/]: Reading file /sys/devices/system/cpu/cpu9/cache/index3/type
[31Mar2026 00:26:26.775] [Render thread/DEBUG] [oshi.util.FileUtil/]: Reading file /sys/devices/system/cpu/cpu9/cache/index3/type
[31Mar2026 00:26:26.775] [Render thread/DEBUG] [oshi.util.FileUtil/]: Reading file /sys/devices/system/cpu/cpu9/cache/index3/ways_of_associativity
[31Mar2026 00:26:26.775] [Render thread/DEBUG] [oshi.util.FileUtil/]: Reading file /sys/devices/system/cpu/cpu9/cache/index3/ways_of_associativity
[31Mar2026 00:26:26.775] [Render thread/DEBUG] [oshi.util.FileUtil/]: Reading file /sys/devices/system/cpu/cpu9/cache/index3/coherency_line_size
[31Mar2026 00:26:26.775] [Render thread/DEBUG] [oshi.util.FileUtil/]: Reading file /sys/devices/system/cpu/cpu9/cache/index3/coherency_line_size
[31Mar2026 00:26:26.775] [Render thread/DEBUG] [oshi.util.FileUtil/]: Reading file /sys/devices/system/cpu/cpu9/cache/index3/size
[31Mar2026 00:26:26.775] [Render thread/DEBUG] [oshi.util.FileUtil/]: Reading file /sys/devices/system/cpu/cpu9/cache/index3/size
[31Mar2026 00:26:26.775] [Render thread/DEBUG] [oshi.util.FileUtil/]: Reading file /sys/devices/system/cpu/cpu9/cache/index1/level
[31Mar2026 00:26:26.775] [Render thread/DEBUG] [oshi.util.FileUtil/]: Reading file /sys/devices/system/cpu/cpu9/cache/index1/level
[31Mar2026 00:26:26.775] [Render thread/DEBUG] [oshi.util.FileUtil/]: Reading file /sys/devices/system/cpu/cpu9/cache/index1/type
[31Mar2026 00:26:26.775] [Render thread/DEBUG] [oshi.util.FileUtil/]: Reading file /sys/devices/system/cpu/cpu9/cache/index1/type
[31Mar2026 00:26:26.776] [Render thread/DEBUG] [oshi.util.FileUtil/]: Reading file /sys/devices/system/cpu/cpu9/cache/index1/ways_of_associativity
[31Mar2026 00:26:26.776] [Render thread/DEBUG] [oshi.util.FileUtil/]: Reading file /sys/devices/system/cpu/cpu9/cache/index1/ways_of_associativity
[31Mar2026 00:26:26.776] [Render thread/DEBUG] [oshi.util.FileUtil/]: Reading file /sys/devices/system/cpu/cpu9/cache/index1/coherency_line_size
[31Mar2026 00:26:26.776] [Render thread/DEBUG] [oshi.util.FileUtil/]: Reading file /sys/devices/system/cpu/cpu9/cache/index1/coherency_line_size
[31Mar2026 00:26:26.776] [Render thread/DEBUG] [oshi.util.FileUtil/]: Reading file /sys/devices/system/cpu/cpu9/cache/index1/size
[31Mar2026 00:26:26.776] [Render thread/DEBUG] [oshi.util.FileUtil/]: Reading file /sys/devices/system/cpu/cpu9/cache/index1/size
[31Mar2026 00:26:26.776] [Render thread/DEBUG] [oshi.util.FileUtil/]: Reading file /proc/cpuinfo
[31Mar2026 00:26:26.781] [Render thread/DEBUG] [oshi.util.FileUtil/]: Reading file /proc/self/auxv
[31Mar2026 00:26:26.821] [Render thread/DEBUG] [net.neoforged.fml.ModWorkManager/LOADING]: Using 16 threads for parallel mod-loading
[31Mar2026 00:26:26.829] [Render thread/DEBUG] [net.neoforged.fml.javafmlmod.FMLModContainer/LOADING]: Creating FMLModContainer instance for [net.phonich.glitchworld.Glitchworld]
[31Mar2026 00:26:26.831] [Render thread/DEBUG] [net.neoforged.fml.javafmlmod.FMLModContainer/LOADING]: Creating FMLModContainer instance for [net.neoforged.neoforge.common.NeoForgeMod, net.neoforged.neoforge.client.ClientNeoForgeMod]
[31Mar2026 00:26:26.849] [modloading-worker-0/DEBUG] [net.neoforged.neoforge.internal.versions.neoforge.NeoForgeVersion/CORE]: Found NeoForge version 21.1.219
[31Mar2026 00:26:26.849] [modloading-worker-0/DEBUG] [net.neoforged.neoforge.internal.versions.neoforge.NeoForgeVersion/CORE]: Found FML version 4.0.42
[31Mar2026 00:26:26.849] [modloading-worker-0/INFO] [net.neoforged.neoforge.common.NeoForgeMod/NEOFORGE-MOD]: NeoForge mod loading, version 21.1.219, for MC 1.21.1
[31Mar2026 00:26:26.863] [modloading-worker-0/DEBUG] [net.neoforged.fml.config.ConfigTracker/CONFIG]: Config file neoforge-client.toml for neoforge tracking
[31Mar2026 00:26:26.864] [modloading-worker-0/DEBUG] [net.neoforged.fml.config.ConfigTracker/CONFIG]: Config file neoforge-server.toml for neoforge tracking
[31Mar2026 00:26:26.864] [modloading-worker-0/DEBUG] [net.neoforged.fml.config.ConfigTracker/CONFIG]: Config file neoforge-common.toml for neoforge tracking
[31Mar2026 00:26:26.865] [modloading-worker-0/DEBUG] [net.neoforged.fml.config.ConfigTracker/CONFIG]: Config file glitchworld-common.toml for glitchworld tracking
[31Mar2026 00:26:26.865] [modloading-worker-0/DEBUG] [net.neoforged.fml.javafmlmod.AutomaticEventSubscriber/LOADING]: Attempting to inject @EventBusSubscriber classes into the eventbus for glitchworld
[31Mar2026 00:26:26.866] [modloading-worker-0/DEBUG] [net.neoforged.fml.javafmlmod.AutomaticEventSubscriber/LOADING]: Scanning class net.phonich.glitchworld.Config for @SubscribeEvent-annotated methods
[31Mar2026 00:26:26.866] [modloading-worker-0/DEBUG] [net.neoforged.fml.javafmlmod.AutomaticEventSubscriber/]: Subscribing @EventBusSubscriber class Lnet/phonich/glitchworld/Config; to the mod event bus of mod glitchworld
[31Mar2026 00:26:26.867] [modloading-worker-0/DEBUG] [net.neoforged.fml.javafmlmod.AutomaticEventSubscriber/LOADING]: Scanning class net.phonich.glitchworld.datagen.DataGenerators for @SubscribeEvent-annotated methods
[31Mar2026 00:26:26.869] [modloading-worker-0/DEBUG] [net.neoforged.fml.javafmlmod.AutomaticEventSubscriber/]: Subscribing @EventBusSubscriber class Lnet/phonich/glitchworld/datagen/DataGenerators; to the mod event bus of mod glitchworld
[31Mar2026 00:26:26.870] [modloading-worker-0/DEBUG] [net.neoforged.fml.javafmlmod.AutomaticEventSubscriber/LOADING]: Scanning class net.phonich.glitchworld.events.food.FoodEvents for @SubscribeEvent-annotated methods
[31Mar2026 00:26:26.870] [modloading-worker-0/DEBUG] [net.neoforged.fml.javafmlmod.AutomaticEventSubscriber/]: Subscribing @EventBusSubscriber class Lnet/phonich/glitchworld/events/food/FoodEvents; to the game event bus
[31Mar2026 00:26:26.871] [modloading-worker-0/DEBUG] [net.neoforged.fml.javafmlmod.AutomaticEventSubscriber/LOADING]: Scanning class net.phonich.glitchworld.events.tools.GeneralToolsEvents for @SubscribeEvent-annotated methods
[31Mar2026 00:26:26.871] [modloading-worker-0/DEBUG] [net.neoforged.fml.javafmlmod.AutomaticEventSubscriber/]: Subscribing @EventBusSubscriber class Lnet/phonich/glitchworld/events/tools/GeneralToolsEvents; to the game event bus
[31Mar2026 00:26:26.871] [modloading-worker-0/DEBUG] [net.neoforged.fml.javafmlmod.AutomaticEventSubscriber/LOADING]: Scanning class net.phonich.glitchworld.Glitchworld$ClientModEvents for @SubscribeEvent-annotated methods
[31Mar2026 00:26:26.872] [modloading-worker-0/DEBUG] [net.neoforged.fml.javafmlmod.AutomaticEventSubscriber/]: Subscribing @EventBusSubscriber class Lnet/phonich/glitchworld/Glitchworld$ClientModEvents; to the mod event bus of mod glitchworld
[31Mar2026 00:26:26.907] [modloading-worker-0/DEBUG] [net.neoforged.fml.javafmlmod.AutomaticEventSubscriber/LOADING]: Attempting to inject @EventBusSubscriber classes into the eventbus for neoforge
[31Mar2026 00:26:26.908] [modloading-worker-0/DEBUG] [net.neoforged.fml.javafmlmod.AutomaticEventSubscriber/LOADING]: Scanning class net.neoforged.neoforge.server.command.ConfigCommand for @SubscribeEvent-annotated methods
[31Mar2026 00:26:26.908] [modloading-worker-0/DEBUG] [net.neoforged.fml.javafmlmod.AutomaticEventSubscriber/]: Subscribing @EventBusSubscriber class Lnet/neoforged/neoforge/server/command/ConfigCommand; to the game event bus
[31Mar2026 00:26:26.909] [modloading-worker-0/DEBUG] [net.neoforged.fml.javafmlmod.AutomaticEventSubscriber/LOADING]: Scanning class net.neoforged.neoforge.network.filters.GenericPacketSplitter for @SubscribeEvent-annotated methods
[31Mar2026 00:26:26.924] [modloading-worker-0/DEBUG] [io.netty.buffer.AbstractByteBuf/]: -Dio.netty.buffer.checkAccessible: true
[31Mar2026 00:26:26.924] [modloading-worker-0/DEBUG] [io.netty.buffer.AbstractByteBuf/]: -Dio.netty.buffer.checkBounds: true
[31Mar2026 00:26:26.925] [modloading-worker-0/DEBUG] [io.netty.util.ResourceLeakDetectorFactory/]: Loaded default ResourceLeakDetector: io.netty.util.ResourceLeakDetector@7ee19ff3
[31Mar2026 00:26:26.929] [modloading-worker-0/DEBUG] [io.netty.util.internal.InternalThreadLocalMap/]: -Dio.netty.threadLocalMap.stringBuilder.initialSize: 1024
[31Mar2026 00:26:26.930] [modloading-worker-0/DEBUG] [io.netty.util.internal.InternalThreadLocalMap/]: -Dio.netty.threadLocalMap.stringBuilder.maxSize: 4096
[31Mar2026 00:26:26.931] [modloading-worker-0/DEBUG] [io.netty.buffer.PooledByteBufAllocator/]: -Dio.netty.allocator.numHeapArenas: 32
[31Mar2026 00:26:26.931] [modloading-worker-0/DEBUG] [io.netty.buffer.PooledByteBufAllocator/]: -Dio.netty.allocator.numDirectArenas: 32
[31Mar2026 00:26:26.931] [modloading-worker-0/DEBUG] [io.netty.buffer.PooledByteBufAllocator/]: -Dio.netty.allocator.pageSize: 8192
[31Mar2026 00:26:26.931] [modloading-worker-0/DEBUG] [io.netty.buffer.PooledByteBufAllocator/]: -Dio.netty.allocator.maxOrder: 9
[31Mar2026 00:26:26.931] [modloading-worker-0/DEBUG] [io.netty.buffer.PooledByteBufAllocator/]: -Dio.netty.allocator.chunkSize: 4194304
[31Mar2026 00:26:26.931] [modloading-worker-0/DEBUG] [io.netty.buffer.PooledByteBufAllocator/]: -Dio.netty.allocator.smallCacheSize: 256
[31Mar2026 00:26:26.931] [modloading-worker-0/DEBUG] [io.netty.buffer.PooledByteBufAllocator/]: -Dio.netty.allocator.normalCacheSize: 64
[31Mar2026 00:26:26.931] [modloading-worker-0/DEBUG] [io.netty.buffer.PooledByteBufAllocator/]: -Dio.netty.allocator.maxCachedBufferCapacity: 32768
[31Mar2026 00:26:26.931] [modloading-worker-0/DEBUG] [io.netty.buffer.PooledByteBufAllocator/]: -Dio.netty.allocator.cacheTrimInterval: 8192
[31Mar2026 00:26:26.931] [modloading-worker-0/DEBUG] [io.netty.buffer.PooledByteBufAllocator/]: -Dio.netty.allocator.cacheTrimIntervalMillis: 0
[31Mar2026 00:26:26.931] [modloading-worker-0/DEBUG] [io.netty.buffer.PooledByteBufAllocator/]: -Dio.netty.allocator.useCacheForAllThreads: false
[31Mar2026 00:26:26.931] [modloading-worker-0/DEBUG] [io.netty.buffer.PooledByteBufAllocator/]: -Dio.netty.allocator.maxCachedByteBuffersPerChunk: 1023
[31Mar2026 00:26:26.938] [modloading-worker-0/DEBUG] [io.netty.buffer.ByteBufUtil/]: -Dio.netty.allocator.type: pooled
[31Mar2026 00:26:26.938] [modloading-worker-0/DEBUG] [io.netty.buffer.ByteBufUtil/]: -Dio.netty.threadLocalDirectBufferSize: 0
[31Mar2026 00:26:26.938] [modloading-worker-0/DEBUG] [io.netty.buffer.ByteBufUtil/]: -Dio.netty.maxThreadLocalCharBufferSize: 16384
[31Mar2026 00:26:26.942] [modloading-worker-0/DEBUG] [net.neoforged.fml.javafmlmod.AutomaticEventSubscriber/]: Subscribing @EventBusSubscriber class Lnet/neoforged/neoforge/network/filters/GenericPacketSplitter; to the mod event bus of mod neoforge
[31Mar2026 00:26:26.944] [modloading-worker-0/DEBUG] [net.neoforged.fml.javafmlmod.AutomaticEventSubscriber/LOADING]: Scanning class net.neoforged.neoforge.network.NetworkInitialization for @SubscribeEvent-annotated methods
[31Mar2026 00:26:26.944] [modloading-worker-0/DEBUG] [net.neoforged.fml.javafmlmod.AutomaticEventSubscriber/]: Subscribing @EventBusSubscriber class Lnet/neoforged/neoforge/network/NetworkInitialization; to the mod event bus of mod neoforge
[31Mar2026 00:26:26.944] [modloading-worker-0/DEBUG] [net.neoforged.fml.javafmlmod.AutomaticEventSubscriber/LOADING]: Scanning class net.neoforged.neoforge.network.ConfigurationInitialization for @SubscribeEvent-annotated methods
[31Mar2026 00:26:26.946] [modloading-worker-0/DEBUG] [net.neoforged.fml.javafmlmod.AutomaticEventSubscriber/]: Subscribing @EventBusSubscriber class Lnet/neoforged/neoforge/network/ConfigurationInitialization; to the mod event bus of mod neoforge
[31Mar2026 00:26:26.946] [modloading-worker-0/DEBUG] [net.neoforged.fml.javafmlmod.AutomaticEventSubscriber/LOADING]: Scanning class net.neoforged.neoforge.common.MonsterRoomHooks for @SubscribeEvent-annotated methods
[31Mar2026 00:26:26.946] [modloading-worker-0/DEBUG] [net.neoforged.fml.javafmlmod.AutomaticEventSubscriber/]: Subscribing @EventBusSubscriber class Lnet/neoforged/neoforge/common/MonsterRoomHooks; to the game event bus
[31Mar2026 00:26:26.946] [modloading-worker-0/DEBUG] [net.neoforged.fml.javafmlmod.AutomaticEventSubscriber/LOADING]: Scanning class net.neoforged.neoforge.common.DeferredSpawnEggItem$CommonHandler for @SubscribeEvent-annotated methods
[31Mar2026 00:26:26.947] [modloading-worker-0/DEBUG] [net.neoforged.fml.javafmlmod.AutomaticEventSubscriber/]: Subscribing @EventBusSubscriber class Lnet/neoforged/neoforge/common/DeferredSpawnEggItem$CommonHandler; to the mod event bus of mod neoforge
[31Mar2026 00:26:26.947] [modloading-worker-0/DEBUG] [net.neoforged.fml.javafmlmod.AutomaticEventSubscriber/LOADING]: Scanning class net.neoforged.neoforge.common.DeferredSpawnEggItem$ColorRegisterHandler for @SubscribeEvent-annotated methods
[31Mar2026 00:26:26.947] [modloading-worker-0/DEBUG] [net.neoforged.fml.javafmlmod.AutomaticEventSubscriber/]: Subscribing @EventBusSubscriber class Lnet/neoforged/neoforge/common/DeferredSpawnEggItem$ColorRegisterHandler; to the mod event bus of mod neoforge
[31Mar2026 00:26:26.947] [modloading-worker-0/DEBUG] [net.neoforged.fml.javafmlmod.AutomaticEventSubscriber/LOADING]: Scanning class net.neoforged.neoforge.client.model.data.ModelDataManager for @SubscribeEvent-annotated methods
[31Mar2026 00:26:26.949] [modloading-worker-0/DEBUG] [net.neoforged.fml.javafmlmod.AutomaticEventSubscriber/]: Subscribing @EventBusSubscriber class Lnet/neoforged/neoforge/client/model/data/ModelDataManager; to the game event bus
[31Mar2026 00:26:26.949] [modloading-worker-0/DEBUG] [net.neoforged.fml.javafmlmod.AutomaticEventSubscriber/LOADING]: Scanning class net.neoforged.neoforge.client.ParticleBoundsDebugRenderer for @SubscribeEvent-annotated methods
[31Mar2026 00:26:26.952] [modloading-worker-0/DEBUG] [net.neoforged.fml.javafmlmod.AutomaticEventSubscriber/]: Subscribing @EventBusSubscriber class Lnet/neoforged/neoforge/client/ParticleBoundsDebugRenderer; to the game event bus
[31Mar2026 00:26:26.952] [modloading-worker-0/DEBUG] [net.neoforged.fml.javafmlmod.AutomaticEventSubscriber/LOADING]: Scanning class net.neoforged.neoforge.client.ClientHooks$ClientEvents for @SubscribeEvent-annotated methods
[31Mar2026 00:26:26.954] [modloading-worker-0/DEBUG] [net.neoforged.fml.javafmlmod.AutomaticEventSubscriber/]: Subscribing @EventBusSubscriber class Lnet/neoforged/neoforge/client/ClientHooks$ClientEvents; to the mod event bus of mod neoforge
[31Mar2026 00:26:26.954] [modloading-worker-0/DEBUG] [net.neoforged.fml.javafmlmod.AutomaticEventSubscriber/LOADING]: Scanning class net.neoforged.neoforge.client.BlockEntityRenderBoundsDebugRenderer for @SubscribeEvent-annotated methods
[31Mar2026 00:26:26.955] [modloading-worker-0/DEBUG] [net.neoforged.fml.javafmlmod.AutomaticEventSubscriber/]: Subscribing @EventBusSubscriber class Lnet/neoforged/neoforge/client/BlockEntityRenderBoundsDebugRenderer; to the game event bus
[31Mar2026 00:26:26.955] [modloading-worker-0/DEBUG] [net.neoforged.fml.javafmlmod.AutomaticEventSubscriber/LOADING]: Scanning class net.neoforged.neoforge.attachment.AttachmentSync for @SubscribeEvent-annotated methods
[31Mar2026 00:26:26.957] [modloading-worker-0/DEBUG] [net.neoforged.fml.javafmlmod.AutomaticEventSubscriber/]: Subscribing @EventBusSubscriber class Lnet/neoforged/neoforge/attachment/AttachmentSync; to the game event bus
[31Mar2026 00:26:26.957] [modloading-worker-0/DEBUG] [net.neoforged.fml.javafmlmod.AutomaticEventSubscriber/LOADING]: Scanning class net.neoforged.neoforge.attachment.AttachmentInternals for @SubscribeEvent-annotated methods
[31Mar2026 00:26:26.957] [modloading-worker-0/DEBUG] [net.neoforged.fml.javafmlmod.AutomaticEventSubscriber/]: Subscribing @EventBusSubscriber class Lnet/neoforged/neoforge/attachment/AttachmentInternals; to the game event bus
[31Mar2026 00:26:27.074] [modloading-sync-worker/DEBUG] [net.neoforged.fml.config.ConfigTracker/CONFIG]: Loading configs type CLIENT
[31Mar2026 00:26:27.082] [modloading-sync-worker/DEBUG] [net.neoforged.neoforge.common.NeoForgeConfig/FORGEMOD]: Loaded NeoForge config file neoforge-client.toml
[31Mar2026 00:26:27.082] [modloading-sync-worker/DEBUG] [net.neoforged.fml.config.ConfigTracker/CONFIG]: Loaded TOML config file /home/john/IdeaProjects/GlitchMod/run/config/neoforge-client.toml
[31Mar2026 00:26:27.086] [modloading-sync-worker/DEBUG] [net.neoforged.fml.config.ConfigTracker/CONFIG]: Watching TOML config file /home/john/IdeaProjects/GlitchMod/run/config/neoforge-client.toml for changes
[31Mar2026 00:26:27.086] [modloading-sync-worker/DEBUG] [net.neoforged.fml.config.ConfigTracker/CONFIG]: Loading configs type COMMON
[31Mar2026 00:26:27.087] [modloading-sync-worker/DEBUG] [net.neoforged.neoforge.common.NeoForgeConfig/FORGEMOD]: Loaded NeoForge config file neoforge-common.toml
[31Mar2026 00:26:27.087] [modloading-sync-worker/DEBUG] [net.neoforged.fml.config.ConfigTracker/CONFIG]: Loaded TOML config file /home/john/IdeaProjects/GlitchMod/run/config/neoforge-common.toml
[31Mar2026 00:26:27.087] [modloading-sync-worker/DEBUG] [net.neoforged.fml.config.ConfigTracker/CONFIG]: Watching TOML config file /home/john/IdeaProjects/GlitchMod/run/config/neoforge-common.toml for changes
[31Mar2026 00:26:27.088] [modloading-sync-worker/DEBUG] [net.neoforged.fml.config.ConfigTracker/CONFIG]: Loaded TOML config file /home/john/IdeaProjects/GlitchMod/run/config/glitchworld-common.toml
[31Mar2026 00:26:27.088] [modloading-sync-worker/DEBUG] [net.neoforged.fml.config.ConfigTracker/CONFIG]: Watching TOML config file /home/john/IdeaProjects/GlitchMod/run/config/glitchworld-common.toml for changes
[31Mar2026 00:26:27.404] [Render thread/INFO] [net.neoforged.neoforge.gametest.GameTestHooks/]: Enabled Gametest Namespaces: [glitchworld]
[31Mar2026 00:26:27.498] [Render thread/INFO] [net.minecraft.server.packs.resources.ReloadableResourceManager/]: Reloading ResourceManager: vanilla, mod_resources, mod/glitchworld, mod/neoforge
[31Mar2026 00:26:27.541] [Render thread/DEBUG] [net.neoforged.fml.DeferredWorkQueue/LOADING]: Dispatching synchronous work for work queue Common setup: 1 jobs
[31Mar2026 00:26:27.542] [Render thread/DEBUG] [net.neoforged.fml.DeferredWorkQueue/LOADING]: Synchronous work queue completed in 652.5 μs
[31Mar2026 00:26:27.589] [Worker-Main-13/INFO] [net.minecraft.client.gui.font.providers.UnihexProvider/]: Found unifont_all_no_pua-15.1.05.hex, loading
[31Mar2026 00:26:27.628] [Worker-Main-4/INFO] [net.minecraft.client.gui.font.providers.UnihexProvider/]: Found unifont_jp_patch-15.1.05.hex, loading
[31Mar2026 00:26:27.699] [Worker-Main-9/WARN] [net.minecraft.client.sounds.SoundManager/]: File glitchworld:sounds/glitch_converter_hit.ogg does not exist, cannot add it to event glitchworld:glitch_converter_hit
[31Mar2026 00:26:27.767] [Worker-Main-7/WARN] [net.minecraft.client.renderer.texture.SpriteLoader/]: Texture glitchworld:item/what with size 150x150 limits mip level from 4 to 1
[31Mar2026 00:26:28.822] [Render thread/ERROR] [net.minecraft.client.sounds.SoundManager/]: Missing subtitle translation{key='sounds.glitchworld.hammer_use', args=[]} for sound event: glitchworld:hammer_use
[31Mar2026 00:26:28.823] [Render thread/ERROR] [net.minecraft.client.sounds.SoundManager/]: Missing subtitle translation{key='sounds.glitchworld.glitch_upgrader_success', args=[]} for sound event: glitchworld:glitch_upgrader_success
[31Mar2026 00:26:28.824] [Render thread/ERROR] [net.minecraft.client.sounds.SoundManager/]: Missing subtitle translation{key='sounds.glitchworld.big_dick_change', args=[]} for sound event: glitchworld:big_dick_change
[31Mar2026 00:26:28.824] [Render thread/ERROR] [net.minecraft.client.sounds.SoundManager/]: Missing subtitle translation{key='sounds.glitchworld.glitch_converter_convert', args=[]} for sound event: glitchworld:glitch_converter_convert
[31Mar2026 00:26:28.824] [Render thread/ERROR] [net.minecraft.client.sounds.SoundManager/]: Missing subtitle translation{key='sounds.glitchworld.scary_glitch', args=[]} for sound event: glitchworld:scary_glitch
[31Mar2026 00:26:28.824] [Render thread/ERROR] [net.minecraft.client.sounds.SoundManager/]: Missing subtitle translation{key='sounds.glitchworld.glitch_converter_place', args=[]} for sound event: glitchworld:glitch_converter_place
[31Mar2026 00:26:28.825] [Render thread/ERROR] [net.minecraft.client.sounds.SoundManager/]: Missing subtitle translation{key='sounds.glitchworld.glitch_converter_break', args=[]} for sound event: glitchworld:glitch_converter_break
[31Mar2026 00:26:28.825] [Render thread/ERROR] [net.minecraft.client.sounds.SoundManager/]: Missing subtitle translation{key='sounds.glitchworld.glitch_pouch_open', args=[]} for sound event: glitchworld:glitch_pouch_open
[31Mar2026 00:26:28.825] [Render thread/ERROR] [net.minecraft.client.sounds.SoundManager/]: Missing subtitle translation{key='sounds.glitchworld.glitch_converter_hit', args=[]} for sound event: glitchworld:glitch_converter_hit
[31Mar2026 00:26:28.826] [Render thread/ERROR] [net.minecraft.client.sounds.SoundManager/]: Missing subtitle translation{key='sounds.glitchworld.glitch_upgrader_failure', args=[]} for sound event: glitchworld:glitch_upgrader_failure
[31Mar2026 00:26:28.826] [Render thread/ERROR] [net.minecraft.client.sounds.SoundManager/]: Missing subtitle translation{key='sounds.glitchworld.glitch_converter_step', args=[]} for sound event: glitchworld:glitch_converter_step
[31Mar2026 00:26:28.826] [Render thread/ERROR] [net.minecraft.client.sounds.SoundManager/]: Missing subtitle translation{key='sounds.glitchworld.glitch_sword_shoot', args=[]} for sound event: glitchworld:glitch_sword_shoot
[31Mar2026 00:26:28.826] [Render thread/ERROR] [net.minecraft.client.sounds.SoundManager/]: Missing subtitle translation{key='sounds.glitchworld.glitch_converter_fall', args=[]} for sound event: glitchworld:glitch_converter_fall
[31Mar2026 00:26:28.827] [Render thread/WARN] [net.minecraft.client.sounds.SoundEngine/]: Missing sound for event: minecraft:item.goat_horn.play
[31Mar2026 00:26:28.827] [Render thread/WARN] [net.minecraft.client.sounds.SoundEngine/]: Missing sound for event: minecraft:entity.goat.screaming.horn_break
[31Mar2026 00:26:29.132] [Render thread/INFO] [com.mojang.blaze3d.audio.Library/]: OpenAL initialized on device Logitech G PRO X Gaming Headset Digital Stereo (IEC958)
[31Mar2026 00:26:29.133] [Render thread/INFO] [net.minecraft.client.sounds.SoundEngine/SOUNDS]: Sound engine started
[31Mar2026 00:26:29.241] [Render thread/INFO] [net.minecraft.client.renderer.texture.TextureAtlas/]: Created: 2048x1024x4 minecraft:textures/atlas/blocks.png-atlas
[31Mar2026 00:26:29.250] [Render thread/INFO] [net.minecraft.client.renderer.texture.TextureAtlas/]: Created: 256x256x4 minecraft:textures/atlas/signs.png-atlas
[31Mar2026 00:26:29.250] [Render thread/INFO] [net.minecraft.client.renderer.texture.TextureAtlas/]: Created: 512x512x4 minecraft:textures/atlas/shield_patterns.png-atlas
[31Mar2026 00:26:29.250] [Render thread/INFO] [net.minecraft.client.renderer.texture.TextureAtlas/]: Created: 512x512x4 minecraft:textures/atlas/banner_patterns.png-atlas
[31Mar2026 00:26:29.251] [Render thread/INFO] [net.minecraft.client.renderer.texture.TextureAtlas/]: Created: 1024x1024x4 minecraft:textures/atlas/armor_trims.png-atlas
[31Mar2026 00:26:29.253] [Render thread/INFO] [net.minecraft.client.renderer.texture.TextureAtlas/]: Created: 128x64x4 minecraft:textures/atlas/decorated_pot.png-atlas
[31Mar2026 00:26:29.253] [Render thread/INFO] [net.minecraft.client.renderer.texture.TextureAtlas/]: Created: 256x256x4 minecraft:textures/atlas/chest.png-atlas
[31Mar2026 00:26:29.253] [Render thread/INFO] [net.minecraft.client.renderer.texture.TextureAtlas/]: Created: 512x256x4 minecraft:textures/atlas/beds.png-atlas
[31Mar2026 00:26:29.253] [Render thread/INFO] [net.minecraft.client.renderer.texture.TextureAtlas/]: Created: 512x256x4 minecraft:textures/atlas/shulker_boxes.png-atlas
[31Mar2026 00:26:29.377] [Render thread/INFO] [net.minecraft.client.renderer.texture.TextureAtlas/]: Created: 512x256x0 minecraft:textures/atlas/particles.png-atlas
[31Mar2026 00:26:29.378] [Render thread/INFO] [net.minecraft.client.renderer.texture.TextureAtlas/]: Created: 512x256x0 minecraft:textures/atlas/paintings.png-atlas
[31Mar2026 00:26:29.378] [Render thread/INFO] [net.minecraft.client.renderer.texture.TextureAtlas/]: Created: 512x512x0 minecraft:textures/atlas/mob_effects.png-atlas
[31Mar2026 00:26:29.378] [Render thread/INFO] [net.minecraft.client.renderer.texture.TextureAtlas/]: Created: 64x64x0 minecraft:textures/atlas/map_decorations.png-atlas
[31Mar2026 00:26:29.378] [Render thread/INFO] [net.minecraft.client.renderer.texture.TextureAtlas/]: Created: 1024x512x0 minecraft:textures/atlas/gui.png-atlas
[31Mar2026 00:26:29.397] [Render thread/WARN] [net.minecraft.client.renderer.ShaderInstance/]: Shader rendertype_entity_translucent_emissive could not find sampler named Sampler2 in the specified shader program.
[31Mar2026 00:26:29.443] [Render thread/INFO] [net.neoforged.neoforge.client.entity.animation.json.AnimationLoader/]: Loaded 0 entity animations
[31Mar2026 00:26:33.567] [Render thread/INFO] [net.minecraft.world.item.crafting.RecipeManager/]: Loaded 1300 recipes
[31Mar2026 00:26:33.704] [Render thread/INFO] [net.minecraft.advancements.AdvancementTree/]: Loaded 1409 advancements
[31Mar2026 00:26:34.116] [Render thread/DEBUG] [net.neoforged.neoforge.common.CommonHooks/WP]: Gathered mod list to write to world save Тест 4
[31Mar2026 00:26:34.181] [Server thread/INFO] [net.minecraft.client.server.IntegratedServer/]: Starting integrated minecraft server version 1.21.1
[31Mar2026 00:26:34.181] [Server thread/INFO] [net.minecraft.server.MinecraftServer/]: Generating keypair
[31Mar2026 00:26:34.219] [Server thread/DEBUG] [net.neoforged.fml.config.ConfigTracker/CONFIG]: Loading configs type SERVER
[31Mar2026 00:26:34.220] [Server thread/DEBUG] [net.neoforged.neoforge.common.NeoForgeConfig/FORGEMOD]: Loaded NeoForge config file neoforge-server.toml
[31Mar2026 00:26:34.220] [Server thread/DEBUG] [net.neoforged.fml.config.ConfigTracker/CONFIG]: Loaded TOML config file /home/john/IdeaProjects/GlitchMod/run/config/neoforge-server.toml
[31Mar2026 00:26:34.220] [Server thread/DEBUG] [net.neoforged.fml.config.ConfigTracker/CONFIG]: Watching TOML config file /home/john/IdeaProjects/GlitchMod/run/config/neoforge-server.toml for changes
[31Mar2026 00:26:35.006] [Server thread/INFO] [net.minecraft.server.MinecraftServer/]: Preparing start region for dimension minecraft:overworld
[31Mar2026 00:26:35.220] [progressListener/INFO] [net.minecraft.server.level.progress.LoggerChunkProgressListener/]: Preparing spawn area: 0%
[31Mar2026 00:26:35.296] [Server thread/INFO] [net.neoforged.neoforge.server.permission.PermissionAPI/]: Successfully initialized permission handler neoforge:default_handler
[31Mar2026 00:26:35.306] [progressListener/INFO] [net.minecraft.server.level.progress.LoggerChunkProgressListener/]: Time elapsed: 299 ms
[31Mar2026 00:26:35.343] [Server thread/INFO] [net.minecraft.client.server.IntegratedServer/]: Changing view distance to 12, from 10
[31Mar2026 00:26:35.343] [Server thread/INFO] [net.minecraft.client.server.IntegratedServer/]: Changing simulation distance to 12, from 0
[31Mar2026 00:26:35.380] [Render thread/DEBUG] [io.netty.channel.MultithreadEventLoopGroup/]: -Dio.netty.eventLoopThreads: 32
[31Mar2026 00:26:35.388] [Render thread/DEBUG] [io.netty.util.concurrent.GlobalEventExecutor/]: -Dio.netty.globalEventExecutor.quietPeriodSeconds: 1
[31Mar2026 00:26:35.397] [Render thread/DEBUG] [io.netty.channel.nio.NioEventLoop/]: -Dio.netty.noKeySetOptimization: false
[31Mar2026 00:26:35.398] [Render thread/DEBUG] [io.netty.channel.nio.NioEventLoop/]: -Dio.netty.selectorAutoRebuildThreshold: 512
[31Mar2026 00:26:35.402] [Render thread/DEBUG] [io.netty.util.internal.PlatformDependent/]: org.jctools-core.MpscChunkedArrayQueue: available
[31Mar2026 00:26:35.412] [Render thread/DEBUG] [io.netty.channel.DefaultChannelId/]: -Dio.netty.processId: 31427 (auto-detected)
[31Mar2026 00:26:35.413] [Render thread/DEBUG] [io.netty.util.NetUtil/]: -Djava.net.preferIPv4Stack: false
[31Mar2026 00:26:35.413] [Render thread/DEBUG] [io.netty.util.NetUtil/]: -Djava.net.preferIPv6Addresses: system
[31Mar2026 00:26:35.414] [Render thread/DEBUG] [io.netty.util.NetUtilInitializations/]: Loopback interface: lo (lo, 0:0:0:0:0:0:0:1%lo)
[31Mar2026 00:26:35.417] [Render thread/DEBUG] [io.netty.util.NetUtil/]: /proc/sys/net/core/somaxconn: 4096
[31Mar2026 00:26:35.417] [Render thread/DEBUG] [io.netty.channel.DefaultChannelId/]: -Dio.netty.machineId: d8:5e:d3:ff:fe:58:49:d0 (auto-detected)
[31Mar2026 00:26:35.458] [Render thread/DEBUG] [io.netty.util.Recycler/]: -Dio.netty.recycler.maxCapacityPerThread: 4096
[31Mar2026 00:26:35.458] [Render thread/DEBUG] [io.netty.util.Recycler/]: -Dio.netty.recycler.ratio: 8
[31Mar2026 00:26:35.458] [Render thread/DEBUG] [io.netty.util.Recycler/]: -Dio.netty.recycler.chunkSize: 32
[31Mar2026 00:26:35.458] [Render thread/DEBUG] [io.netty.util.Recycler/]: -Dio.netty.recycler.blocking: false
[31Mar2026 00:26:35.458] [Render thread/DEBUG] [io.netty.util.Recycler/]: -Dio.netty.recycler.batchFastThreadLocalOnly: true
[31Mar2026 00:26:35.593] [Netty Server IO #1/DEBUG] [net.neoforged.neoforge.network.filters.NetworkFilters/]: Injected net.neoforged.neoforge.network.filters.GenericPacketSplitter@6255be6c into net.minecraft.network.Connection@770f56e7
[31Mar2026 00:26:35.598] [Netty Local Client IO #0/DEBUG] [net.neoforged.neoforge.network.filters.NetworkFilters/]: Injected net.neoforged.neoforge.network.filters.GenericPacketSplitter@7c0377f3 into net.minecraft.network.Connection@1f91a6e1
[31Mar2026 00:26:35.809] [Netty Server IO #1/DEBUG] [net.neoforged.neoforge.network.filters.NetworkFilters/]: Injected net.neoforged.neoforge.network.filters.GenericPacketSplitter@73674634 into net.minecraft.network.Connection@770f56e7
[31Mar2026 00:26:35.862] [Server thread/INFO] [net.minecraft.server.players.PlayerList/]: Dev[local:E:a5b06de0] logged in with entity id 103 at (17.814863353050324, 106.0, 2.4518874998706397)
[31Mar2026 00:26:35.908] [Server thread/INFO] [net.minecraft.server.MinecraftServer/]: Dev joined the game
[31Mar2026 00:26:36.108] [Render thread/INFO] [net.minecraft.advancements.AdvancementTree/]: Loaded 155 advancements
[31Mar2026 00:26:36.139] [Render thread/WARN] [net.minecraft.client.multiplayer.ClientPacketListener/]: Received passengers for unknown entity
[31Mar2026 00:26:36.895] [Render thread/INFO] [net.minecraft.client.gui.components.ChatComponent/]: [System] [CHAT] 0
[31Mar2026 00:26:37.826] [Render thread/INFO] [net.minecraft.client.gui.components.ChatComponent/]: [System] [CHAT] 2
[31Mar2026 00:26:38.836] [Render thread/INFO] [net.minecraft.client.gui.components.ChatComponent/]: [System] [CHAT] 4
[31Mar2026 00:26:39.829] [Render thread/INFO] [net.minecraft.client.gui.components.ChatComponent/]: [System] [CHAT] 6
[31Mar2026 00:26:39.829] [Render thread/INFO] [net.minecraft.client.gui.components.ChatComponent/]: [System] [CHAT] The tool hums quietly.
[31Mar2026 00:26:40.806] [Render thread/INFO] [net.minecraft.client.gui.components.ChatComponent/]: [System] [CHAT] 8
[31Mar2026 00:26:41.804] [Render thread/INFO] [net.minecraft.client.gui.components.ChatComponent/]: [System] [CHAT] 10
[31Mar2026 00:26:42.825] [Render thread/INFO] [net.minecraft.client.gui.components.ChatComponent/]: [System] [CHAT] 12
[31Mar2026 00:26:42.825] [Render thread/INFO] [net.minecraft.client.gui.components.ChatComponent/]: [System] [CHAT] Your hand feels slightly numb.
[31Mar2026 00:26:43.804] [Render thread/INFO] [net.minecraft.client.gui.components.ChatComponent/]: [System] [CHAT] 14
[31Mar2026 00:26:44.805] [Render thread/INFO] [net.minecraft.client.gui.components.ChatComponent/]: [System] [CHAT] 16
[31Mar2026 00:26:45.803] [Render thread/INFO] [net.minecraft.client.gui.components.ChatComponent/]: [System] [CHAT] 18
[31Mar2026 00:26:45.803] [Render thread/INFO] [net.minecraft.client.gui.components.ChatComponent/]: [System] [CHAT] Something inside it is… waking up.
[31Mar2026 00:26:46.804] [Render thread/INFO] [net.minecraft.client.gui.components.ChatComponent/]: [System] [CHAT] 20
[31Mar2026 00:26:47.804] [Render thread/INFO] [net.minecraft.client.gui.components.ChatComponent/]: [System] [CHAT] 22
[31Mar2026 00:26:48.804] [Render thread/INFO] [net.minecraft.client.gui.components.ChatComponent/]: [System] [CHAT] 24
[31Mar2026 00:26:48.804] [Render thread/INFO] [net.minecraft.client.gui.components.ChatComponent/]: [System] [CHAT] You should probably stop.
[31Mar2026 00:26:49.806] [Render thread/INFO] [net.minecraft.client.gui.components.ChatComponent/]: [System] [CHAT] 26
[31Mar2026 00:26:50.804] [Render thread/INFO] [net.minecraft.client.gui.components.ChatComponent/]: [System] [CHAT] 28
[31Mar2026 00:26:51.822] [Render thread/INFO] [net.minecraft.client.gui.components.ChatComponent/]: [System] [CHAT] 30
[31Mar2026 00:26:51.822] [Render thread/INFO] [net.minecraft.client.gui.components.ChatComponent/]: [System] [CHAT] …or maybe it’s already too late.
[31Mar2026 00:26:52.806] [Render thread/INFO] [net.minecraft.client.gui.components.ChatComponent/]: [System] [CHAT] 32
[31Mar2026 00:26:53.805] [Render thread/INFO] [net.minecraft.client.gui.components.ChatComponent/]: [System] [CHAT] 34
[31Mar2026 00:26:54.803] [Render thread/INFO] [net.minecraft.client.gui.components.ChatComponent/]: [System] [CHAT] 36
[31Mar2026 00:26:54.803] [Render thread/INFO] [net.minecraft.client.gui.components.ChatComponent/]: [System] [CHAT] The tool feels heavier.
[31Mar2026 00:26:55.804] [Render thread/INFO] [net.minecraft.client.gui.components.ChatComponent/]: [System] [CHAT] 38
[31Mar2026 00:26:56.805] [Render thread/INFO] [net.minecraft.client.gui.components.ChatComponent/]: [System] [CHAT] 40
[31Mar2026 00:26:57.804] [Render thread/INFO] [net.minecraft.client.gui.components.ChatComponent/]: [System] [CHAT] 42
[31Mar2026 00:26:57.805] [Render thread/INFO] [net.minecraft.client.gui.components.ChatComponent/]: [System] [CHAT] Something is wrong.
[31Mar2026 00:26:58.805] [Render thread/INFO] [net.minecraft.client.gui.components.ChatComponent/]: [System] [CHAT] 44
[31Mar2026 00:26:59.804] [Render thread/INFO] [net.minecraft.client.gui.components.ChatComponent/]: [System] [CHAT] 46
[31Mar2026 00:27:00.804] [Render thread/INFO] [net.minecraft.client.gui.components.ChatComponent/]: [System] [CHAT] 48
[31Mar2026 00:27:00.805] [Render thread/INFO] [net.minecraft.client.gui.components.ChatComponent/]: [System] [CHAT] But you can’t quite tell what.
[31Mar2026 00:27:01.805] [Render thread/INFO] [net.minecraft.client.gui.components.ChatComponent/]: [System] [CHAT] 50
[31Mar2026 00:27:02.805] [Render thread/INFO] [net.minecraft.client.gui.components.ChatComponent/]: [System] [CHAT] 52
[31Mar2026 00:27:03.806] [Render thread/INFO] [net.minecraft.client.gui.components.ChatComponent/]: [System] [CHAT] 54
[31Mar2026 00:27:03.806] [Render thread/INFO] [net.minecraft.client.gui.components.ChatComponent/]: [System] [CHAT] It grows stronger with every second while this is active.
[31Mar2026 00:27:04.804] [Render thread/INFO] [net.minecraft.client.gui.components.ChatComponent/]: [System] [CHAT] 56
[31Mar2026 00:27:05.806] [Render thread/INFO] [net.minecraft.client.gui.components.ChatComponent/]: [System] [CHAT] 58
[31Mar2026 00:27:06.806] [Render thread/INFO] [net.minecraft.client.gui.components.ChatComponent/]: [System] [CHAT] 60
[31Mar2026 00:27:06.806] [Render thread/INFO] [net.minecraft.client.gui.components.ChatComponent/]: [System] [CHAT] You feel… connected.
[31Mar2026 00:27:07.808] [Render thread/INFO] [net.minecraft.client.gui.components.ChatComponent/]: [System] [CHAT] 62
[31Mar2026 00:27:08.804] [Render thread/INFO] [net.minecraft.client.gui.components.ChatComponent/]: [System] [CHAT] 62
[31Mar2026 00:27:09.805] [Render thread/INFO] [net.minecraft.client.gui.components.ChatComponent/]: [System] [CHAT] 62
[31Mar2026 00:27:10.809] [Render thread/INFO] [net.minecraft.client.gui.components.ChatComponent/]: [System] [CHAT] 62
[31Mar2026 00:27:11.805] [Render thread/INFO] [net.minecraft.client.gui.components.ChatComponent/]: [System] [CHAT] 62
[31Mar2026 00:27:12.805] [Render thread/INFO] [net.minecraft.client.gui.components.ChatComponent/]: [System] [CHAT] 62
[31Mar2026 00:27:13.806] [Render thread/INFO] [net.minecraft.client.gui.components.ChatComponent/]: [System] [CHAT] 62
[31Mar2026 00:27:14.805] [Render thread/INFO] [net.minecraft.client.gui.components.ChatComponent/]: [System] [CHAT] 62
[31Mar2026 00:27:15.803] [Render thread/INFO] [net.minecraft.client.gui.components.ChatComponent/]: [System] [CHAT] 62
[31Mar2026 00:27:16.805] [Render thread/INFO] [net.minecraft.client.gui.components.ChatComponent/]: [System] [CHAT] 62
[31Mar2026 00:27:17.804] [Render thread/INFO] [net.minecraft.client.gui.components.ChatComponent/]: [System] [CHAT] 62
[31Mar2026 00:27:18.647] [Server thread/INFO] [net.minecraft.client.server.IntegratedServer/]: Saving and pausing game...
[31Mar2026 00:27:18.666] [Server thread/INFO] [net.minecraft.server.MinecraftServer/]: Saving chunks for level 'ServerLevel[Тест 4]'/minecraft:overworld
[31Mar2026 00:27:18.680] [Server thread/INFO] [net.minecraft.server.MinecraftServer/]: Saving chunks for level 'ServerLevel[Тест 4]'/minecraft:the_nether
[31Mar2026 00:27:18.680] [Server thread/INFO] [net.minecraft.server.MinecraftServer/]: Saving chunks for level 'ServerLevel[Тест 4]'/minecraft:the_end
[31Mar2026 00:27:18.681] [Server thread/DEBUG] [net.neoforged.neoforge.common.CommonHooks/WP]: Gathered mod list to write to world save Тест 4
[31Mar2026 00:27:19.252] [Server thread/INFO] [net.minecraft.server.network.ServerGamePacketListenerImpl/]: Dev lost connection: Disconnected
[31Mar2026 00:27:19.253] [Server thread/INFO] [net.minecraft.server.MinecraftServer/]: Dev left the game
[31Mar2026 00:27:19.305] [Server thread/INFO] [net.minecraft.server.network.ServerCommonPacketListenerImpl/]: Stopping singleplayer server as player logged out
[31Mar2026 00:27:19.318] [Server thread/INFO] [net.minecraft.server.MinecraftServer/]: Stopping server
[31Mar2026 00:27:19.319] [Server thread/INFO] [net.minecraft.server.MinecraftServer/]: Saving players
[31Mar2026 00:27:19.319] [Server thread/INFO] [net.minecraft.server.MinecraftServer/]: Saving worlds
[31Mar2026 00:27:19.390] [Server thread/INFO] [net.minecraft.server.MinecraftServer/]: Saving chunks for level 'ServerLevel[Тест 4]'/minecraft:overworld
[31Mar2026 00:27:19.485] [Server thread/INFO] [net.minecraft.server.MinecraftServer/]: Saving chunks for level 'ServerLevel[Тест 4]'/minecraft:the_nether
[31Mar2026 00:27:19.489] [Server thread/INFO] [net.minecraft.server.MinecraftServer/]: Saving chunks for level 'ServerLevel[Тест 4]'/minecraft:the_end
[31Mar2026 00:27:19.492] [Server thread/DEBUG] [net.neoforged.neoforge.common.CommonHooks/WP]: Gathered mod list to write to world save Тест 4
[31Mar2026 00:27:19.498] [Server thread/INFO] [net.minecraft.server.MinecraftServer/]: ThreadedAnvilChunkStorage (Тест 4 (1)): All chunks are saved
[31Mar2026 00:27:19.498] [Server thread/INFO] [net.minecraft.server.MinecraftServer/]: ThreadedAnvilChunkStorage (DIM-1): All chunks are saved
[31Mar2026 00:27:19.498] [Server thread/INFO] [net.minecraft.server.MinecraftServer/]: ThreadedAnvilChunkStorage (DIM1): All chunks are saved
[31Mar2026 00:27:19.498] [Server thread/INFO] [net.minecraft.server.MinecraftServer/]: ThreadedAnvilChunkStorage: All dimensions are saved
[31Mar2026 00:27:19.503] [Server thread/DEBUG] [net.neoforged.fml.config.ConfigTracker/CONFIG]: Unloading configs type SERVER
[31Mar2026 00:27:19.899] [Render thread/INFO] [net.minecraft.client.Minecraft/]: Stopping!
